score_id,dealer_id,calculated_date,payment_score,order_frequency_score,order_value_score,commitment_score,engagement_score,overall_score,health_status,total_outstanding,days_since_last_order,days_since_last_visit,avg_order_value_30d,commitment_fulfillment_rate_90d,requires_attention,attention_reason,created_at
096c654c-16b3-478c-ab08-5abd4c13a5a0,34d40fdb-61b7-4fcd-8fd7-b6266b662296,2024-05-01,85,94,93,76,86,86.8,EXCELLENT,25104.83,10,2,9589.04,0.81,0,,2024-05-01
ee619733-9ad5-4487-b199-00f509f057ef,34d40fdb-61b7-4fcd-8fd7-b6266b662296,2024-05-01,84,91,80,83,88,85.0,EXCELLENT,41298.48,22,13,3498.74,0.9,0,,2024-05-01
ae729b1a-3852-4bbb-8d9b-362c93dc9304,34d40fdb-61b7-4fcd-8fd7-b6266b662296,2024-06-01,91,75,82,83,87,83.8,EXCELLENT,22591.43,23,1,7494.47,0.85,0,,2024-06-01
77cb70d4-1dbe-4d73-9e55-dff74e47636e,34d40fdb-61b7-4fcd-8fd7-b6266b662296,2024-07-01,94,81,92,83,90,88.2,EXCELLENT,11926.79,3,1,11887.51,0.71,0,,2024-07-01
ecf999c5-0dac-4710-91c1-9e884fb11896,34d40fdb-61b7-4fcd-8fd7-b6266b662296,2024-08-01,90,75,89,80,77,82.8,EXCELLENT,28103.26,2,9,3660.3,0.71,0,,2024-08-01
69b1ef2e-63d9-4bfb-9c27-523b3181015e,34d40fdb-61b7-4fcd-8fd7-b6266b662296,2024-09-01,87,82,84,76,85,82.9,EXCELLENT,14095.57,10,10,8595.54,0.68,0,,2024-09-01
5e76716d-d1ed-49ac-ab0c-f20315a134dd,34d40fdb-61b7-4fcd-8fd7-b6266b662296,2024-10-01,94,75,78,90,86,85.0,EXCELLENT,48712.24,27,5,2795.98,0.94,0,,2024-10-01
2855c6c2-3185-431e-ab1d-b8c20c37647b,34d40fdb-61b7-4fcd-8fd7-b6266b662296,2024-11-01,77,89,86,86,75,82.7,EXCELLENT,14644.86,22,4,6232.34,0.77,0,,2024-11-01
9dac94b9-a238-4484-9d02-b057cdfefebb,34d40fdb-61b7-4fcd-8fd7-b6266b662296,2024-12-01,84,77,79,90,90,83.7,EXCELLENT,1194.98,27,13,11521.52,0.65,0,,2024-12-01
14dc2d82-b8df-4b8a-ac4a-2441f55136a6,34d40fdb-61b7-4fcd-8fd7-b6266b662296,2025-01-01,91,90,94,79,92,89.1,EXCELLENT,11936.08,19,3,9724.65,0.91,0,,2025-01-01
139d5018-dc96-4d27-942a-c486a849d793,0065fc9e-691f-412d-a732-28b741dbb336,2024-05-01,82,91,78,77,95,84.0,EXCELLENT,27666.98,16,5,13581.59,0.87,0,,2024-05-01
9ee23e28-5e41-4c4a-8e1e-7ce2b8fcf17e,0065fc9e-691f-412d-a732-28b741dbb336,2024-05-01,76,90,83,82,79,81.8,EXCELLENT,19333.26,18,12,10192.64,0.63,0,,2024-05-01
2ec87645-cf99-4b9a-8a8f-a7c1f3c040c7,0065fc9e-691f-412d-a732-28b741dbb336,2024-06-01,82,90,87,76,95,85.4,EXCELLENT,42522.78,11,7,8160.61,0.61,0,,2024-06-01
59cb7f58-5a1d-4e04-beed-394de016ecb8,0065fc9e-691f-412d-a732-28b741dbb336,2024-07-01,83,83,79,84,90,83.5,EXCELLENT,8611.81,5,3,13736.5,0.66,0,,2024-07-01
9102c3e2-9d61-4b8a-9c75-1786999032b0,0065fc9e-691f-412d-a732-28b741dbb336,2024-08-01,90,79,91,82,95,87.2,EXCELLENT,12248.54,10,12,5068.74,0.8,0,,2024-08-01
ae9f8359-a40c-4ab9-a189-5f15f56a8f88,0065fc9e-691f-412d-a732-28b741dbb336,2024-09-01,76,81,80,79,79,78.8,GOOD,32926.07,11,7,3303.93,0.81,0,,2024-09-01
dae93ba9-31b4-4b2a-b4f0-cffbc8ec18a0,0065fc9e-691f-412d-a732-28b741dbb336,2024-10-01,86,91,81,84,83,85.2,EXCELLENT,33573.02,3,14,7932.88,0.56,0,,2024-10-01
1052b201-4d6c-4b12-bb27-643baaf31c5a,0065fc9e-691f-412d-a732-28b741dbb336,2024-11-01,91,77,91,77,93,85.7,EXCELLENT,35483.44,30,3,5756.74,0.91,0,,2024-11-01
5b2311e6-d332-418d-9aae-3610ed165abb,0065fc9e-691f-412d-a732-28b741dbb336,2024-12-01,79,83,78,80,94,82.0,EXCELLENT,21866.21,8,6,12537.25,0.75,0,,2024-12-01
5dfe419c-7e12-4e0a-bd17-9bea450a7fae,0065fc9e-691f-412d-a732-28b741dbb336,2025-01-01,80,79,91,91,82,84.5,EXCELLENT,7447.69,25,10,4864.86,0.75,0,,2025-01-01
171c86e7-fb79-495c-858a-a65f4a56997d,d57aa585-6d50-45b9-b7c3-5ddc5266ff65,2024-05-01,68,79,77,61,60,69.4,GOOD,41065.35,20,3,9943.09,0.71,0,,2024-05-01
13e05c53-c4df-4a6b-9c64-7a183091dfaa,d57aa585-6d50-45b9-b7c3-5ddc5266ff65,2024-05-01,74,77,71,62,68,70.7,GOOD,46971.28,11,5,12011.14,0.79,0,,2024-05-01
ec7f3fbd-4f17-420e-a0fd-98e41913990c,d57aa585-6d50-45b9-b7c3-5ddc5266ff65,2024-06-01,69,68,83,69,64,70.8,GOOD,39253.44,20,11,8022.47,0.64,0,,2024-06-01
85503947-ae93-437a-8d3e-a32bd2dfde46,d57aa585-6d50-45b9-b7c3-5ddc5266ff65,2024-07-01,64,73,77,66,65,69.0,GOOD,39606.74,7,13,5298.53,0.64,0,,2024-07-01
d7fa888b-29f5-4e65-8cf7-986e80467aea,d57aa585-6d50-45b9-b7c3-5ddc5266ff65,2024-08-01,75,81,71,71,82,75.7,GOOD,22369.58,21,14,12684.15,0.64,0,,2024-08-01
4da3ad59-b500-43ab-ae4a-1356742d2465,d57aa585-6d50-45b9-b7c3-5ddc5266ff65,2024-09-01,77,70,62,67,79,70.9,GOOD,9794.86,29,2,3392.41,0.91,0,,2024-09-01
bb0438ce-ea06-4198-b8d0-c9eda3dbb6e7,d57aa585-6d50-45b9-b7c3-5ddc5266ff65,2024-10-01,72,70,66,63,64,67.4,GOOD,43000.83,14,5,6502.5,0.7,0,,2024-10-01
24556b08-cd1d-43b6-9977-457283811fcb,d57aa585-6d50-45b9-b7c3-5ddc5266ff65,2024-11-01,83,79,72,74,71,76.4,GOOD,41963.19,2,6,8209.93,0.88,0,,2024-11-01
9d3a4566-1b2e-4c26-8d53-63bd82dcddb7,d57aa585-6d50-45b9-b7c3-5ddc5266ff65,2024-12-01,75,62,71,79,80,73.2,GOOD,4342.64,18,4,13807.46,0.87,0,,2024-12-01
450cb5a4-7ff3-4db0-8710-0c9ec1b6c992,d57aa585-6d50-45b9-b7c3-5ddc5266ff65,2025-01-01,67,67,71,72,65,68.5,GOOD,38621.74,21,13,6835.02,0.56,0,,2025-01-01
f85df9e1-9b6a-4297-8b80-a356eecd1170,2505c043-13e5-425f-a34f-ad854ef43c6b,2024-05-01,66,70,84,77,69,73.0,GOOD,5662.18,25,1,11190.96,0.65,0,,2024-05-01
786f0abc-6ea5-413d-a1da-a037bd144e83,2505c043-13e5-425f-a34f-ad854ef43c6b,2024-05-01,68,62,62,67,74,66.3,GOOD,9628.1,22,3,2307.16,0.81,0,,2024-05-01
7368823d-c479-4cd1-9c75-d1ce40833710,2505c043-13e5-425f-a34f-ad854ef43c6b,2024-06-01,80,64,64,61,62,67.1,GOOD,48811.39,15,4,14529.26,0.77,0,,2024-06-01
dafba7b6-284e-4918-9740-de4d74dc9b1a,2505c043-13e5-425f-a34f-ad854ef43c6b,2024-07-01,65,64,80,73,84,72.2,GOOD,48493.75,26,7,9006.3,0.8,0,,2024-07-01
c854665c-7cf3-40be-87ab-c3cb2f0ce250,2505c043-13e5-425f-a34f-ad854ef43c6b,2024-08-01,77,82,83,80,73,79.2,GOOD,21060.02,1,13,8247.97,0.8,0,,2024-08-01
e8667756-47c6-47c0-b4a8-4717834e4918,2505c043-13e5-425f-a34f-ad854ef43c6b,2024-09-01,73,85,69,77,77,76.0,GOOD,20377.36,8,10,11738.02,0.75,0,,2024-09-01
ae50ca1f-06cf-478f-8fe5-8e9e293f2ff2,2505c043-13e5-425f-a34f-ad854ef43c6b,2024-10-01,74,70,73,77,63,72.0,GOOD,28808.35,20,10,11895.93,0.78,0,,2024-10-01
a817f481-6175-4674-a4de-d703c3e6b6fa,2505c043-13e5-425f-a34f-ad854ef43c6b,2024-11-01,62,62,60,64,79,64.5,AVERAGE,46792.19,10,10,10446.47,0.76,0,,2024-11-01
3ed630d1-e6b9-4dd1-81a3-1485d711de13,2505c043-13e5-425f-a34f-ad854ef43c6b,2024-12-01,66,70,60,78,67,68.2,GOOD,7319.43,15,6,4475.02,0.8,0,,2024-12-01
7282dc03-dd4b-429a-80b8-e3d896ed3f04,2505c043-13e5-425f-a34f-ad854ef43c6b,2025-01-01,72,79,69,76,83,75.2,GOOD,19815.55,28,11,10585.28,0.57,0,,2025-01-01
33468938-ab04-489c-a055-5e28cfa25cad,7865188e-8b7d-491c-90b0-ffdd5d703d52,2024-05-01,62,67,83,84,60,71.3,GOOD,42375.63,27,6,12144.93,0.63,0,,2024-05-01
e80288f8-eafc-4b47-8fd2-c430a17412a0,7865188e-8b7d-491c-90b0-ffdd5d703d52,2024-05-01,67,79,82,72,79,75.2,GOOD,3539.03,4,11,9255.16,0.7,0,,2024-05-01
2a974253-c031-4d5a-bbc2-d182371bbda0,7865188e-8b7d-491c-90b0-ffdd5d703d52,2024-06-01,81,84,63,62,70,72.5,GOOD,4657.05,24,7,5814.58,0.83,0,,2024-06-01
2369a70b-6529-4f81-b59b-db372d18aeee,7865188e-8b7d-491c-90b0-ffdd5d703d52,2024-07-01,81,68,73,85,70,76.0,GOOD,30253.2,5,4,10083.78,0.86,0,,2024-07-01
39a91e44-5efa-48b9-8b15-62665d2a8fcb,7865188e-8b7d-491c-90b0-ffdd5d703d52,2024-08-01,79,75,77,64,73,73.9,GOOD,29234.79,2,9,2192.08,0.66,0,,2024-08-01
ac6c559a-39ef-478b-8db0-7e347bb8dca5,7865188e-8b7d-491c-90b0-ffdd5d703d52,2024-09-01,60,66,65,65,73,65.2,GOOD,2003.35,1,14,8867.14,0.86,0,,2024-09-01
2cc320e1-34fc-4933-8966-ccb917dd1d55,7865188e-8b7d-491c-90b0-ffdd5d703d52,2024-10-01,77,69,81,66,78,74.2,GOOD,4043.39,23,5,10055.21,0.65,0,,2024-10-01
f51aa6a6-4e96-49e1-87c7-326947591be9,7865188e-8b7d-491c-90b0-ffdd5d703d52,2024-11-01,60,71,66,77,76,69.2,GOOD,26448.28,22,10,4881.5,0.86,0,,2024-11-01
498cea51-abed-439a-8349-0f6871702a6e,7865188e-8b7d-491c-90b0-ffdd5d703d52,2024-12-01,79,82,60,69,83,74.4,GOOD,13619.61,17,14,12640.62,0.65,0,,2024-12-01
27fe86ef-3df5-44df-b981-c29748e90876,7865188e-8b7d-491c-90b0-ffdd5d703d52,2025-01-01,73,63,73,61,84,70.2,GOOD,4272.43,22,10,13785.1,0.61,0,,2025-01-01
a1e1bd8d-c8c3-46b9-bce9-2867e85cba18,6768cbbe-636f-40da-9bdd-6bfbbfd44019,2024-05-01,70,74,75,48,69,67.2,GOOD,8570.9,5,14,11710.0,0.81,0,,2024-05-01
9e4c46bf-b6a6-4687-b2cc-ec57b8223817,6768cbbe-636f-40da-9bdd-6bfbbfd44019,2024-05-01,37,41,58,41,35,42.5,AT_RISK,48629.49,28,12,9793.61,0.87,1,Declining order value,2024-05-01
fbd04bab-35fc-4a86-a7f9-70c7265fda93,6768cbbe-636f-40da-9bdd-6bfbbfd44019,2024-06-01,54,71,65,36,53,55.9,AVERAGE,46911.37,21,3,11095.31,0.78,0,,2024-06-01
9120a755-4e7c-4897-9b77-05a9ad43d2f5,6768cbbe-636f-40da-9bdd-6bfbbfd44019,2024-07-01,64,60,62,50,41,56.5,AVERAGE,48585.37,2,10,14414.9,0.68,0,,2024-07-01
1de42fd0-5656-4d83-83eb-75329d79fb29,6768cbbe-636f-40da-9bdd-6bfbbfd44019,2024-08-01,39,73,75,52,43,56.2,AVERAGE,6723.17,7,7,6251.4,0.87,0,,2024-08-01
a9be678e-b649-49e7-a6d1-367d1f201a98,6768cbbe-636f-40da-9bdd-6bfbbfd44019,2024-09-01,45,65,40,51,65,52.2,AVERAGE,38778.25,6,11,10819.9,0.56,0,,2024-09-01
a5b86ddd-28de-471b-9b0f-081c4f319007,6768cbbe-636f-40da-9bdd-6bfbbfd44019,2024-10-01,59,44,47,49,43,49.2,AT_RISK,45507.17,12,1,9560.37,0.66,1,Declining order value,2024-10-01
f5d0d516-caee-4191-8c6b-971e5345a803,6768cbbe-636f-40da-9bdd-6bfbbfd44019,2024-11-01,54,51,67,49,40,52.9,AVERAGE,24778.51,30,13,12314.81,0.82,0,,2024-11-01
22dcf2c4-89f4-4cd0-a8e3-eaabc3ad5c38,6768cbbe-636f-40da-9bdd-6bfbbfd44019,2024-12-01,53,72,48,61,35,54.7,AVERAGE,39928.16,3,7,3062.28,0.84,0,,2024-12-01
b98464cf-e314-4603-9e37-2638d9a30556,6768cbbe-636f-40da-9bdd-6bfbbfd44019,2025-01-01,65,59,49,36,66,55.0,AVERAGE,10005.04,6,3,12929.43,0.81,0,,2025-01-01
a203c9c9-6518-4969-babd-fd7ea225bb20,493470d1-7f49-4d7f-88c7-30d85187f126,2024-05-01,65,58,69,51,68,62.1,AVERAGE,12049.72,7,10,3546.29,0.88,0,,2024-05-01
367a5ddd-1134-43ff-a766-2a526aa63906,493470d1-7f49-4d7f-88c7-30d85187f126,2024-05-01,41,48,67,74,70,58.5,AVERAGE,27261.72,1,3,9396.84,0.88,0,,2024-05-01
dd95999a-7b1f-4712-83f8-e5545152d96b,493470d1-7f49-4d7f-88c7-30d85187f126,2024-06-01,70,68,43,46,48,56.1,AVERAGE,46617.73,8,11,14818.49,0.9,0,,2024-06-01
e5d702b9-b84b-43a4-9d14-35ba5e75d51f,493470d1-7f49-4d7f-88c7-30d85187f126,2024-07-01,56,68,62,43,48,55.8,AVERAGE,13678.36,28,3,10535.43,0.64,0,,2024-07-01
343aa7d9-b9b9-4250-b61d-b9e20f8b9c29,493470d1-7f49-4d7f-88c7-30d85187f126,2024-08-01,53,43,44,61,54,51.0,AVERAGE,3806.88,4,5,10266.72,0.93,0,,2024-08-01
871a6572-cea5-4c98-bc2a-2ed3b21e9f61,493470d1-7f49-4d7f-88c7-30d85187f126,2024-09-01,44,47,35,58,59,47.9,AT_RISK,39204.81,25,8,7875.93,0.56,1,Declining order value,2024-09-01
ffc2eea1-5fbb-4d78-b017-e3887e5d9ffd,493470d1-7f49-4d7f-88c7-30d85187f126,2024-10-01,60,41,75,75,44,59.8,AVERAGE,17858.15,4,8,5355.08,0.67,0,,2024-10-01
b5d2df03-ed08-4178-9d79-a0f2cc180ab8,493470d1-7f49-4d7f-88c7-30d85187f126,2024-11-01,42,36,69,54,50,49.8,AT_RISK,26826.84,17,10,13484.92,0.83,1,Poor commitment fulfillment,2024-11-01
c833a4e0-25ac-43d3-8b47-d4c4ce6aadcf,493470d1-7f49-4d7f-88c7-30d85187f126,2024-12-01,71,36,50,41,62,52.5,AVERAGE,30233.72,9,7,7615.23,0.76,0,,2024-12-01
5161fb62-d953-4b33-89ab-afdf6113ccc4,493470d1-7f49-4d7f-88c7-30d85187f126,2025-01-01,44,60,70,65,53,58.0,AVERAGE,37143.35,12,2,10187.58,0.59,0,,2025-01-01
cf821472-5a66-43d6-af39-2372bc2bd197,b2ef95e6-8719-44a0-917a-1043a02ce2b0,2024-05-01,62,62,42,44,52,52.9,AVERAGE,24581.18,26,13,10893.79,0.92,0,,2024-05-01
ef3df430-f154-4cba-891b-39798c2d69e0,b2ef95e6-8719-44a0-917a-1043a02ce2b0,2024-05-01,70,55,72,64,59,64.5,AVERAGE,21288.39,26,7,9326.78,0.92,0,,2024-05-01
560c4179-d3f7-4aa1-a45e-e43aef6058f2,b2ef95e6-8719-44a0-917a-1043a02ce2b0,2024-06-01,58,73,75,37,46,58.4,AVERAGE,27506.87,6,8,12941.83,0.73,0,,2024-06-01
e87cb822-3975-4d89-b1df-b55c82abd8b1,b2ef95e6-8719-44a0-917a-1043a02ce2b0,2024-07-01,54,61,74,52,69,61.2,AVERAGE,9163.84,23,5,12444.31,0.74,0,,2024-07-01
328d2533-aa89-438d-86d9-dd52f40d4790,b2ef95e6-8719-44a0-917a-1043a02ce2b0,2024-08-01,50,53,53,63,70,56.8,AVERAGE,49867.95,2,1,3418.11,0.75,0,,2024-08-01
ca45ca96-5b7c-4da5-890d-42a9e873f3c4,b2ef95e6-8719-44a0-917a-1043a02ce2b0,2024-09-01,59,67,50,58,45,56.5,AVERAGE,48530.81,24,11,8789.05,0.64,0,,2024-09-01
258378b7-698b-47e1-960c-b0be274f3c7d,b2ef95e6-8719-44a0-917a-1043a02ce2b0,2024-10-01,43,51,46,37,53,45.5,AT_RISK,37387.99,8,6,4059.02,0.81,1,Declining order value,2024-10-01
fb04acce-4b07-4f18-b325-064ef200028e,b2ef95e6-8719-44a0-917a-1043a02ce2b0,2024-11-01,75,38,56,65,43,57.0,AVERAGE,18898.93,16,8,9440.37,0.63,0,,2024-11-01
6b274b9f-ebbd-4f8a-ac2b-6aff6fbc6687,b2ef95e6-8719-44a0-917a-1043a02ce2b0,2024-12-01,37,38,44,38,47,40.3,AT_RISK,13423.4,7,1,13965.49,0.74,1,Overdue payments,2024-12-01
b2ebf194-4937-44fd-929a-668262d5e848,b2ef95e6-8719-44a0-917a-1043a02ce2b0,2025-01-01,71,36,36,75,40,53.1,AVERAGE,6508.6,3,14,6684.94,0.63,0,,2025-01-01
ab6195b8-2546-4203-87a4-dc975fb9b755,ebecfffa-f6cf-46ab-98b0-2cba276c61e7,2024-05-01,50,67,69,54,38,56.2,AVERAGE,42791.13,20,6,6816.46,0.55,0,,2024-05-01
3f8275b7-5aa2-463b-bbf9-4aa07909d2b3,ebecfffa-f6cf-46ab-98b0-2cba276c61e7,2024-05-01,62,45,66,42,70,56.6,AVERAGE,6171.65,13,4,2920.83,0.76,0,,2024-05-01
4bacae46-1ca9-475e-a2d9-b5ebb6352047,ebecfffa-f6cf-46ab-98b0-2cba276c61e7,2024-06-01,53,52,69,38,62,54.4,AVERAGE,19449.6,29,12,6957.95,0.83,0,,2024-06-01
52727439-2c7d-4c8b-a78c-b5a07b448c18,ebecfffa-f6cf-46ab-98b0-2cba276c61e7,2024-07-01,62,43,75,74,37,59.5,AVERAGE,33261.85,25,12,7483.95,0.58,0,,2024-07-01
457f2ede-8fac-4111-a783-968c29b0f086,ebecfffa-f6cf-46ab-98b0-2cba276c61e7,2024-08-01,57,40,43,60,55,51.1,AVERAGE,43503.94,9,8,12936.21,0.74,0,,2024-08-01
a3d89592-4e65-4b3a-b2bb-b492bd4848ca,ebecfffa-f6cf-46ab-98b0-2cba276c61e7,2024-09-01,52,45,39,54,42,46.9,AT_RISK,7222.43,18,8,7700.58,0.87,1,Low order frequency,2024-09-01
70435496-6442-4867-a3d4-83f9f2dbf1cc,ebecfffa-f6cf-46ab-98b0-2cba276c61e7,2024-10-01,68,66,38,36,35,50.3,AVERAGE,28374.57,11,5,13859.56,0.57,0,,2024-10-01
26e968b8-c68c-4217-b7cb-efd6e574bf43,ebecfffa-f6cf-46ab-98b0-2cba276c61e7,2024-11-01,75,73,48,56,75,65.4,GOOD,23740.71,8,11,4690.42,0.89,0,,2024-11-01
80868f45-fc04-4936-94af-e933e1cb5996,ebecfffa-f6cf-46ab-98b0-2cba276c61e7,2024-12-01,42,46,47,55,54,48.2,AT_RISK,48476.39,21,4,7592.17,0.94,1,No orders in 30 days,2024-12-01
ea2e7ae8-24af-444e-abce-afd0b4b5b4a9,ebecfffa-f6cf-46ab-98b0-2cba276c61e7,2025-01-01,44,35,48,66,61,50.0,AVERAGE,2805.49,21,13,2507.24,0.75,0,,2025-01-01
43f2b7c6-07b9-455c-8290-ddd41251735f,9198bfa1-1b5b-4a67-a310-ac2db2875058,2024-05-01,89,82,90,82,87,86.1,EXCELLENT,20963.65,18,1,5145.18,0.72,0,,2024-05-01
b449316d-f6b0-486a-a6e8-5d7b84acbdaa,9198bfa1-1b5b-4a67-a310-ac2db2875058,2024-05-01,94,95,89,88,75,89.2,EXCELLENT,22441.98,20,1,5491.27,0.7,0,,2024-05-01
15d39992-cf93-4f6f-bba2-63faa675f923,9198bfa1-1b5b-4a67-a310-ac2db2875058,2024-06-01,88,75,76,85,85,82.0,EXCELLENT,29586.48,8,12,2842.57,0.78,0,,2024-06-01
23f3dbb4-5c48-4b10-940d-817cec4543f2,9198bfa1-1b5b-4a67-a310-ac2db2875058,2024-07-01,93,81,83,83,94,86.8,EXCELLENT,35481.02,3,11,10461.26,0.58,0,,2024-07-01
c0ed4077-4bd5-4d88-a1d4-15b1327b2d3e,9198bfa1-1b5b-4a67-a310-ac2db2875058,2024-08-01,94,76,80,92,89,86.5,EXCELLENT,30475.34,18,3,7414.61,0.62,0,,2024-08-01
0340250d-9ac6-4e75-9c85-7a03a0eb41cb,9198bfa1-1b5b-4a67-a310-ac2db2875058,2024-09-01,85,85,85,89,84,85.6,EXCELLENT,44056.27,4,10,13851.29,0.84,0,,2024-09-01
34e1116b-4e7f-42b9-ac4c-1f9fef678ade,9198bfa1-1b5b-4a67-a310-ac2db2875058,2024-10-01,95,76,91,95,94,90.2,EXCELLENT,1909.59,13,1,5017.77,0.64,0,,2024-10-01
977c31ab-2d21-414b-b7d0-931ba4d304c5,9198bfa1-1b5b-4a67-a310-ac2db2875058,2024-11-01,75,93,95,77,87,84.8,EXCELLENT,43858.12,3,7,9354.75,0.6,0,,2024-11-01
2a06f363-1ea0-4c2e-9ed6-37d68c4b62fc,9198bfa1-1b5b-4a67-a310-ac2db2875058,2024-12-01,81,82,87,81,84,82.9,EXCELLENT,16143.0,26,3,8943.19,0.66,0,,2024-12-01
8981e08f-3fdc-4ab3-90d4-d821852a379b,9198bfa1-1b5b-4a67-a310-ac2db2875058,2025-01-01,82,81,80,87,83,82.6,EXCELLENT,13868.05,27,6,12187.42,0.59,0,,2025-01-01
75e66278-ef9d-4f1c-aaeb-b0248b9a7a03,672f6872-5e9a-4153-9cf7-9bad9ee0eff3,2024-05-01,69,78,68,73,63,70.5,GOOD,39533.15,29,3,10261.72,0.71,0,,2024-05-01
e8db8deb-f6f5-4b80-9699-5916bedd59c0,672f6872-5e9a-4153-9cf7-9bad9ee0eff3,2024-05-01,63,70,79,63,71,68.8,GOOD,20634.08,10,11,11766.61,0.8,0,,2024-05-01
604f9e99-f8f3-43fa-8674-da55f6cf9e0c,672f6872-5e9a-4153-9cf7-9bad9ee0eff3,2024-06-01,82,78,68,78,63,74.8,GOOD,21943.5,23,10,14715.73,0.56,0,,2024-06-01
6b58e8db-d3e1-4904-9b30-da34775bff2b,672f6872-5e9a-4153-9cf7-9bad9ee0eff3,2024-07-01,60,81,83,77,63,72.6,GOOD,6958.59,15,14,2806.93,0.56,0,,2024-07-01
0408d7bf-ce46-44a2-8e65-ff7adf850390,672f6872-5e9a-4153-9cf7-9bad9ee0eff3,2024-08-01,82,79,76,83,65,77.8,GOOD,47539.84,9,9,9598.49,0.83,0,,2024-08-01
c9cd17ba-3c63-4811-9c0e-4861c2a6f955,672f6872-5e9a-4153-9cf7-9bad9ee0eff3,2024-09-01,62,69,75,61,73,67.5,GOOD,24409.78,20,7,12605.83,0.56,0,,2024-09-01
b550a99e-90ae-4bcb-a213-5712200d7905,672f6872-5e9a-4153-9cf7-9bad9ee0eff3,2024-10-01,85,85,60,84,81,79.2,GOOD,32930.89,6,14,3471.07,0.78,0,,2024-10-01
981c56ce-0b90-4cef-931a-156187cb416b,672f6872-5e9a-4153-9cf7-9bad9ee0eff3,2024-11-01,74,79,74,84,84,78.5,GOOD,34703.67,10,13,10387.45,0.55,0,,2024-11-01
db380c46-1150-49e8-b48b-e5c3cac474da,672f6872-5e9a-4153-9cf7-9bad9ee0eff3,2024-12-01,69,82,77,73,81,75.8,GOOD,1435.72,13,6,7178.66,0.61,0,,2024-12-01
ccc97464-8d49-4b10-a9cb-8c0d6bf63b4a,672f6872-5e9a-4153-9cf7-9bad9ee0eff3,2025-01-01,73,73,64,70,73,70.6,GOOD,49879.56,12,2,3829.27,0.7,0,,2025-01-01
e5c75166-6938-43fa-a52e-2718a87f0bf6,7178f55e-6bbc-4f51-8768-e2277e170ca5,2024-05-01,73,85,85,64,76,76.5,GOOD,36243.14,1,3,6965.94,0.59,0,,2024-05-01
4bb52eb5-8f62-4717-b658-b531ab488a36,7178f55e-6bbc-4f51-8768-e2277e170ca5,2024-05-01,85,68,65,64,76,72.1,GOOD,46060.62,22,5,8488.75,0.7,0,,2024-05-01
094042a2-7138-4917-a550-4f5c38663b36,7178f55e-6bbc-4f51-8768-e2277e170ca5,2024-06-01,75,76,71,63,66,70.7,GOOD,21112.04,17,2,9891.26,0.91,0,,2024-06-01
81667919-f59f-4d33-bcd9-47fe0f093f0b,7178f55e-6bbc-4f51-8768-e2277e170ca5,2024-07-01,77,60,80,68,68,71.0,GOOD,36690.71,8,6,10914.92,0.93,0,,2024-07-01
5ec3008a-f49a-4041-8623-9cfb05082061,7178f55e-6bbc-4f51-8768-e2277e170ca5,2024-08-01,61,83,80,80,64,73.5,GOOD,46621.59,15,14,3781.68,0.59,0,,2024-08-01
014b6bd4-4e32-489b-9fc3-6b670de58bca,7178f55e-6bbc-4f51-8768-e2277e170ca5,2024-09-01,63,68,63,63,64,64.2,AVERAGE,5461.98,6,10,2528.75,0.94,0,,2024-09-01
cc4cc2e6-3686-49b4-b9b8-b5b7b50f356a,7178f55e-6bbc-4f51-8768-e2277e170ca5,2024-10-01,76,76,83,76,69,76.3,GOOD,3374.46,7,7,10232.0,0.84,0,,2024-10-01
6ac6c69d-5068-4edf-8888-c05bd1f2ec8a,7178f55e-6bbc-4f51-8768-e2277e170ca5,2024-11-01,65,72,80,84,82,75.8,GOOD,10520.28,25,4,14879.05,0.67,0,,2024-11-01
64eed9c6-e05e-4bf6-9b3c-e4b9214798e8,7178f55e-6bbc-4f51-8768-e2277e170ca5,2024-12-01,68,73,60,74,76,69.8,GOOD,3447.84,17,3,10110.45,0.93,0,,2024-12-01
a9c753e7-8874-4ed3-966d-503d4d8c9743,7178f55e-6bbc-4f51-8768-e2277e170ca5,2025-01-01,64,63,78,81,67,70.5,GOOD,27205.39,11,3,3741.09,0.92,0,,2025-01-01
2f6f472c-8b3a-43cb-93c6-b37359b9aa7e,3021fc48-2b92-41d2-ae1b-1fdcd120a039,2024-05-01,48,42,39,54,46,45.9,AT_RISK,3965.86,12,14,14775.98,0.74,1,No orders in 30 days,2024-05-01
c2d2ec34-c468-4dfb-a8ec-6891e5f9f439,3021fc48-2b92-41d2-ae1b-1fdcd120a039,2024-05-01,72,63,75,35,51,60.2,AVERAGE,43565.78,24,11,10929.38,0.86,0,,2024-05-01
a37314ba-e4dd-4f43-aed3-7b30a000de0b,3021fc48-2b92-41d2-ae1b-1fdcd120a039,2024-06-01,67,49,40,46,36,49.1,AT_RISK,33052.18,11,14,4989.92,0.69,1,Declining order value,2024-06-01
228ef9d0-8fab-4722-ac24-f19648d90a1e,3021fc48-2b92-41d2-ae1b-1fdcd120a039,2024-07-01,54,50,45,67,52,53.7,AVERAGE,17342.96,21,2,14080.9,0.88,0,,2024-07-01
cc4a44b2-5701-4e9f-8952-ba6003f9215c,3021fc48-2b92-41d2-ae1b-1fdcd120a039,2024-08-01,71,48,69,64,68,64.2,AVERAGE,46037.36,9,4,2997.04,0.73,0,,2024-08-01
8e8e8f51-6398-4324-82b0-97f3ce580930,3021fc48-2b92-41d2-ae1b-1fdcd120a039,2024-09-01,71,40,51,68,63,59.0,AVERAGE,20727.9,9,3,7743.95,0.55,0,,2024-09-01
2e7d4fd5-e543-4574-84ed-a17a20c7b807,3021fc48-2b92-41d2-ae1b-1fdcd120a039,2024-10-01,35,72,45,38,41,45.9,AT_RISK,28073.82,16,1,13468.14,0.72,1,Poor commitment fulfillment,2024-10-01
bd633ca8-325d-461f-bd70-5ece0ee93623,3021fc48-2b92-41d2-ae1b-1fdcd120a039,2024-11-01,73,75,69,47,44,63.0,AVERAGE,37537.02,5,14,5531.66,0.58,0,,2024-11-01
607d7801-91d7-4b2c-8ba8-4ccb1d5362fd,3021fc48-2b92-41d2-ae1b-1fdcd120a039,2024-12-01,59,46,67,36,40,50.6,AVERAGE,38809.91,18,13,2447.69,0.9,0,,2024-12-01
274a75ae-b257-4682-8640-35f7507abe25,3021fc48-2b92-41d2-ae1b-1fdcd120a039,2025-01-01,50,45,68,41,71,54.0,AVERAGE,23187.2,12,11,10393.56,0.84,0,,2025-01-01
32b34b48-ea1f-4be9-befd-46874f2844bb,baabea0b-282b-41ac-8a02-f2c72a0ee4ce,2024-05-01,64,66,44,39,67,55.8,AVERAGE,46766.76,18,10,14844.12,0.72,0,,2024-05-01
d6899523-e8e2-4635-a3c1-5b4fda8b6985,baabea0b-282b-41ac-8a02-f2c72a0ee4ce,2024-05-01,57,38,56,62,58,54.2,AVERAGE,44201.54,8,5,14679.37,0.92,0,,2024-05-01
60cfd31a-3b7e-4077-aa21-ed3a3f103fc3,baabea0b-282b-41ac-8a02-f2c72a0ee4ce,2024-06-01,38,44,62,66,40,49.9,AT_RISK,3433.61,5,13,7945.59,0.68,1,Declining order value,2024-06-01
bd3a0ced-4f83-43c8-82ac-614aca88da66,baabea0b-282b-41ac-8a02-f2c72a0ee4ce,2024-07-01,74,71,56,51,48,61.3,AVERAGE,33955.01,23,11,10187.35,0.72,0,,2024-07-01
9ba3cabc-2778-4a8b-8ebf-4b95bbdae2eb,baabea0b-282b-41ac-8a02-f2c72a0ee4ce,2024-08-01,39,69,61,72,68,60.3,AVERAGE,5547.58,9,13,11288.83,0.62,0,,2024-08-01
5a702dfa-5818-401a-b454-b868bc462db9,baabea0b-282b-41ac-8a02-f2c72a0ee4ce,2024-09-01,42,67,58,71,46,56.6,AVERAGE,28329.29,8,1,14153.07,0.9,0,,2024-09-01
9b133551-9b95-4ca1-8624-031a295fa968,baabea0b-282b-41ac-8a02-f2c72a0ee4ce,2024-10-01,52,73,44,45,72,56.2,AVERAGE,13326.44,26,14,9169.66,0.74,0,,2024-10-01
22e64305-1ef0-4e84-96e4-9cf0d3f82b3b,baabea0b-282b-41ac-8a02-f2c72a0ee4ce,2024-11-01,75,41,61,61,42,57.7,AVERAGE,5824.35,12,8,2472.02,0.57,0,,2024-11-01
1f47e21b-bcab-40bd-a6a3-1a5ea5a0ba4a,baabea0b-282b-41ac-8a02-f2c72a0ee4ce,2024-12-01,36,71,45,38,65,49.6,AT_RISK,22155.41,30,12,7676.68,0.68,1,No orders in 30 days,2024-12-01
0d50709e-4e70-4caf-9849-c2b4ebb5f3e9,baabea0b-282b-41ac-8a02-f2c72a0ee4ce,2025-01-01,65,42,73,56,56,58.9,AVERAGE,24126.64,19,1,4481.9,0.58,0,,2025-01-01
35271e09-39fc-4003-9575-d08b26b831fa,f3add840-d8ad-457e-a501-c460549a2a61,2024-05-01,49,69,61,55,39,55.1,AVERAGE,23198.03,16,11,13820.87,0.81,0,,2024-05-01
a9dd4cfe-80e3-49d2-9cf0-3d34a91b5b13,f3add840-d8ad-457e-a501-c460549a2a61,2024-05-01,49,65,44,66,45,54.0,AVERAGE,17226.7,19,13,11284.11,0.71,0,,2024-05-01
8ee681a8-cbaf-4a72-b682-14af90f1dd52,f3add840-d8ad-457e-a501-c460549a2a61,2024-06-01,47,57,74,49,42,54.0,AVERAGE,7822.12,4,12,6677.99,0.82,0,,2024-06-01
320c05f9-de47-43ae-8fed-cff1ab643930,f3add840-d8ad-457e-a501-c460549a2a61,2024-07-01,37,36,73,73,73,56.6,AVERAGE,5412.49,20,14,9666.97,0.62,0,,2024-07-01
453a9cd0-90cb-41eb-baab-13b178a8a0b7,f3add840-d8ad-457e-a501-c460549a2a61,2024-08-01,52,68,62,41,48,54.4,AVERAGE,34204.68,4,1,4470.79,0.68,0,,2024-08-01
9e702dbb-3914-4a31-9b29-1438f8e495c9,f3add840-d8ad-457e-a501-c460549a2a61,2024-09-01,68,36,64,64,40,55.8,AVERAGE,2833.4,19,2,4159.08,0.92,0,,2024-09-01
8362e3e8-c719-401a-92f1-582dcfc6b8bd,f3add840-d8ad-457e-a501-c460549a2a61,2024-10-01,51,56,72,49,67,58.2,AVERAGE,23787.03,12,10,13857.62,0.7,0,,2024-10-01
f5fef29b-fe93-49f3-8cbe-2f2c89aaed84,f3add840-d8ad-457e-a501-c460549a2a61,2024-11-01,68,54,55,50,55,57.0,AVERAGE,36288.37,28,7,9108.9,0.6,0,,2024-11-01
c5b681f8-f12f-4205-b24c-012719b450da,f3add840-d8ad-457e-a501-c460549a2a61,2024-12-01,61,59,46,47,38,51.4,AVERAGE,452.56,28,8,5029.98,0.63,0,,2024-12-01
c4cea2b1-9244-4645-906c-8c8d16f481f5,f3add840-d8ad-457e-a501-c460549a2a61,2025-01-01,57,65,37,68,39,54.1,AVERAGE,16561.08,23,9,12774.89,0.83,0,,2025-01-01
2c5cb7ac-e8f5-4bad-a0f4-95fda5957073,fd656c0c-f9a1-4da7-a4c7-8f457f619af2,2024-05-01,64,66,69,49,48,60.0,AVERAGE,38545.85,17,3,7336.16,0.67,0,,2024-05-01
d85fdda2-4810-475b-875c-a34dc715864d,fd656c0c-f9a1-4da7-a4c7-8f457f619af2,2024-05-01,54,60,51,57,58,55.8,AVERAGE,22411.01,29,4,2865.09,0.91,0,,2024-05-01
55bc4f8a-d717-4d38-8b4d-a4de6d449d60,fd656c0c-f9a1-4da7-a4c7-8f457f619af2,2024-06-01,43,61,62,70,73,60.3,AVERAGE,35240.71,10,14,14190.94,0.74,0,,2024-06-01
e4b609ed-eb5b-4d8c-862e-24b50d1ca9ef,fd656c0c-f9a1-4da7-a4c7-8f457f619af2,2024-07-01,63,39,52,68,73,58.5,AVERAGE,48127.05,6,6,6546.1,0.8,0,,2024-07-01
bd9e2f73-f6b1-4e80-b2dd-7a4ea6a24007,fd656c0c-f9a1-4da7-a4c7-8f457f619af2,2024-08-01,60,57,47,73,66,60.3,AVERAGE,28374.57,9,8,5269.57,0.58,0,,2024-08-01
1871855b-a731-4c47-a32f-57df24ea911f,fd656c0c-f9a1-4da7-a4c7-8f457f619af2,2024-09-01,56,70,61,61,68,62.6,AVERAGE,43094.25,10,10,12611.43,0.73,0,,2024-09-01
d0fd9f35-a695-4e6d-839b-e4f77860dd8b,fd656c0c-f9a1-4da7-a4c7-8f457f619af2,2024-10-01,45,58,51,56,45,51.0,AVERAGE,43598.09,7,14,12560.89,0.9,0,,2024-10-01
20ab7bd2-dfa8-48cf-b334-6e547e687460,fd656c0c-f9a1-4da7-a4c7-8f457f619af2,2024-11-01,44,52,36,43,47,44.2,AT_RISK,48805.08,24,10,13756.28,0.84,1,Overdue payments,2024-11-01
7a06a82a-e664-4cc2-870e-74d7fec11c6d,fd656c0c-f9a1-4da7-a4c7-8f457f619af2,2024-12-01,43,45,72,53,47,51.8,AVERAGE,30763.9,4,12,14910.71,0.94,0,,2024-12-01
116f50bf-1e9f-4a97-ac18-8ea224d8fdb1,fd656c0c-f9a1-4da7-a4c7-8f457f619af2,2025-01-01,41,38,44,50,71,47.3,AT_RISK,5807.13,22,3,10746.06,0.79,1,Low order frequency,2025-01-01
0d3a1b60-7358-4875-9d5b-c396b4a175a8,524e5021-ef84-4ef8-8dd2-373b17b61207,2024-05-01,38,71,54,37,42,48.2,AT_RISK,41342.25,27,12,5382.9,0.8,1,Declining order value,2024-05-01
19059604-3ed3-4125-b021-a32598b1bdc7,524e5021-ef84-4ef8-8dd2-373b17b61207,2024-05-01,41,71,46,67,47,54.1,AVERAGE,7024.36,19,6,12636.51,0.59,0,,2024-05-01
ecff9913-c8c5-4b47-8acd-82e1e027023a,524e5021-ef84-4ef8-8dd2-373b17b61207,2024-06-01,72,62,63,36,46,57.1,AVERAGE,44355.45,20,2,2952.45,0.72,0,,2024-06-01
07b06360-7386-4b26-abcb-5ce7e2cfc8da,524e5021-ef84-4ef8-8dd2-373b17b61207,2024-07-01,73,49,54,64,70,62.2,AVERAGE,38373.13,15,7,3859.46,0.93,0,,2024-07-01
a81ea3a6-444d-40bd-8f84-38a52b670d6b,524e5021-ef84-4ef8-8dd2-373b17b61207,2024-08-01,52,59,63,73,48,59.2,AVERAGE,45694.56,23,8,3909.7,0.92,0,,2024-08-01
8b896edc-89ad-4cb8-b668-344915aa4adb,524e5021-ef84-4ef8-8dd2-373b17b61207,2024-09-01,66,70,46,39,72,58.3,AVERAGE,35037.07,5,8,9848.19,0.56,0,,2024-09-01
a61148bd-489e-4901-b222-b2649f1b81b4,524e5021-ef84-4ef8-8dd2-373b17b61207,2024-10-01,38,60,67,51,60,54.1,AVERAGE,14529.4,18,8,14344.68,0.67,0,,2024-10-01
ab8e809d-8b77-4f2e-88c4-fe9c2acafcae,524e5021-ef84-4ef8-8dd2-373b17b61207,2024-11-01,63,59,47,58,67,58.6,AVERAGE,42585.98,15,4,3262.75,0.58,0,,2024-11-01
4901bfce-4567-43b5-ad01-1708f6641fe6,524e5021-ef84-4ef8-8dd2-373b17b61207,2024-12-01,48,58,53,74,46,55.9,AVERAGE,15675.25,13,8,5563.43,0.71,0,,2024-12-01
295bcb54-fe7a-461f-b79f-d67d175851c0,524e5021-ef84-4ef8-8dd2-373b17b61207,2025-01-01,53,54,49,42,48,49.5,AT_RISK,45449.83,4,14,11692.04,0.92,1,No orders in 30 days,2025-01-01
00adfb7d-a14a-4db0-a7ab-7182ef44b242,68f1b083-a966-45d7-9568-8fe0199280cf,2024-05-01,77,81,88,91,80,83.2,EXCELLENT,10964.45,8,11,11423.26,0.8,0,,2024-05-01
868a87c6-31c5-4888-a4ea-2b6990133f57,68f1b083-a966-45d7-9568-8fe0199280cf,2024-05-01,76,84,88,75,91,82.1,EXCELLENT,48548.91,13,11,14001.86,0.73,0,,2024-05-01
05920c18-7dc7-4e93-a321-5e31234bd71f,68f1b083-a966-45d7-9568-8fe0199280cf,2024-06-01,84,76,90,79,84,82.6,EXCELLENT,40662.58,17,14,12690.37,0.85,0,,2024-06-01
449c2d28-80a2-4474-a495-a1e35a76c926,68f1b083-a966-45d7-9568-8fe0199280cf,2024-07-01,78,91,90,94,94,88.6,EXCELLENT,30245.99,4,13,14120.87,0.92,0,,2024-07-01
825abe21-1294-44e7-856f-cf878efec892,68f1b083-a966-45d7-9568-8fe0199280cf,2024-08-01,75,92,83,92,77,83.7,EXCELLENT,15934.16,23,3,8373.01,0.83,0,,2024-08-01
b0749ae8-478a-4321-b109-9a2b0fdbc4a5,68f1b083-a966-45d7-9568-8fe0199280cf,2024-09-01,77,86,80,90,85,83.2,EXCELLENT,35114.46,15,11,11527.57,0.63,0,,2024-09-01
d9706d70-f84f-4607-b10b-0bf2957a0ad6,68f1b083-a966-45d7-9568-8fe0199280cf,2024-10-01,88,77,82,80,76,81.2,EXCELLENT,15188.75,26,14,12906.86,0.89,0,,2024-10-01
5ad29b6e-b3a2-4408-9c23-a89f3a630ce3,68f1b083-a966-45d7-9568-8fe0199280cf,2024-11-01,80,80,81,87,80,81.6,EXCELLENT,32135.01,4,11,12947.86,0.84,0,,2024-11-01
d25f27ec-3c30-4a4c-8b81-22a968e47b7b,68f1b083-a966-45d7-9568-8fe0199280cf,2024-12-01,93,89,93,94,77,90.0,EXCELLENT,39982.5,26,2,4757.72,0.74,0,,2024-12-01
bab68d89-611c-4020-829d-0ad04bf482a3,68f1b083-a966-45d7-9568-8fe0199280cf,2025-01-01,88,87,77,94,87,86.7,EXCELLENT,22878.22,4,10,7715.21,0.93,0,,2025-01-01
b3ec4e90-7256-41b8-9d7c-c0d2989fb873,3a111a3b-2224-4624-9b80-d7ecddb28395,2024-05-01,73,85,79,74,76,77.2,GOOD,3362.02,6,7,6935.68,0.59,0,,2024-05-01
c96cabd2-9cbb-44cb-8a30-0052c3518ae1,3a111a3b-2224-4624-9b80-d7ecddb28395,2024-05-01,68,62,73,85,77,72.5,GOOD,8686.34,22,12,6726.57,0.75,0,,2024-05-01
20544a41-0ff8-4eec-9df7-53113683ce96,3a111a3b-2224-4624-9b80-d7ecddb28395,2024-06-01,61,74,66,65,63,65.7,GOOD,49929.05,5,8,2951.46,0.84,0,,2024-06-01
27f9af16-224a-4cce-9ef0-b3ee43fd50b5,3a111a3b-2224-4624-9b80-d7ecddb28395,2024-07-01,64,62,85,71,63,69.0,GOOD,38648.6,26,8,13564.86,0.93,0,,2024-07-01
d22a4f85-3d50-4d39-866f-c213560c894e,3a111a3b-2224-4624-9b80-d7ecddb28395,2024-08-01,79,72,84,64,74,74.8,GOOD,10948.07,26,7,8173.11,0.88,0,,2024-08-01
a3810dd5-4f20-4cec-8d43-d817e8e54cd7,3a111a3b-2224-4624-9b80-d7ecddb28395,2024-09-01,78,79,64,77,68,73.7,GOOD,7226.29,16,9,7383.95,0.59,0,,2024-09-01
84c852a0-0a50-4c33-bff0-167f3f8774ac,3a111a3b-2224-4624-9b80-d7ecddb28395,2024-10-01,74,76,68,60,70,69.8,GOOD,15011.77,12,11,3468.2,0.56,0,,2024-10-01
325f48ae-8213-4ab2-8ad3-4bb4e06b5dee,3a111a3b-2224-4624-9b80-d7ecddb28395,2024-11-01,63,64,83,72,76,71.0,GOOD,40841.64,29,4,8108.79,0.59,0,,2024-11-01
0c66bb50-1431-4a54-8dda-7520d32793b2,3a111a3b-2224-4624-9b80-d7ecddb28395,2024-12-01,68,79,81,76,74,75.3,GOOD,24201.98,30,12,10976.62,0.76,0,,2024-12-01
40d64000-0efa-4474-849d-2d81d0de3e6e,3a111a3b-2224-4624-9b80-d7ecddb28395,2025-01-01,79,83,64,84,75,77.2,GOOD,27738.43,4,12,3888.77,0.69,0,,2025-01-01
78a368c4-14e6-47e9-a94f-168c36fa540f,587fe5f4-a612-4ee8-8f98-b53fbc7c5b51,2024-05-01,76,67,66,82,78,73.7,GOOD,34241.42,3,10,8389.45,0.84,0,,2024-05-01
e5bc3719-2210-4eaf-ad9b-48789be4dc8e,587fe5f4-a612-4ee8-8f98-b53fbc7c5b51,2024-05-01,78,66,73,76,73,73.5,GOOD,45302.38,9,3,3528.59,0.58,0,,2024-05-01
4d23a3d7-f1e4-4762-b16c-a08cf09aa88c,587fe5f4-a612-4ee8-8f98-b53fbc7c5b51,2024-06-01,83,64,82,85,72,77.8,GOOD,3327.63,1,10,11517.78,0.84,0,,2024-06-01
9ab6e47f-d9ac-422c-be58-bc9eb602750f,587fe5f4-a612-4ee8-8f98-b53fbc7c5b51,2024-07-01,76,82,64,75,75,74.5,GOOD,15763.06,22,6,4484.48,0.78,0,,2024-07-01
51c2e79f-4b77-4ee4-b399-a8dc5269c6c2,587fe5f4-a612-4ee8-8f98-b53fbc7c5b51,2024-08-01,77,82,66,75,73,74.8,GOOD,35767.03,21,8,4967.8,0.87,0,,2024-08-01
d550ff76-5c7e-4aeb-984f-f04f8f3a670e,587fe5f4-a612-4ee8-8f98-b53fbc7c5b51,2024-09-01,73,84,69,65,73,72.8,GOOD,33023.26,25,8,7754.14,0.56,0,,2024-09-01
576d8579-b6e3-4eb3-8d33-cceba905235a,587fe5f4-a612-4ee8-8f98-b53fbc7c5b51,2024-10-01,68,64,66,70,81,69.2,GOOD,6839.51,22,10,10760.94,0.65,0,,2024-10-01
d8039526-694f-4ba8-8ad8-ed224a2ab17b,587fe5f4-a612-4ee8-8f98-b53fbc7c5b51,2024-11-01,61,74,62,82,83,71.3,GOOD,44988.91,13,3,11975.99,0.74,0,,2024-11-01
aea38131-bef3-48bf-9fdc-de211cbccb8d,587fe5f4-a612-4ee8-8f98-b53fbc7c5b51,2024-12-01,73,68,75,76,82,74.4,GOOD,43095.04,10,9,7645.28,0.81,0,,2024-12-01
e23aa72d-9b21-4643-a48f-77e79b78690a,587fe5f4-a612-4ee8-8f98-b53fbc7c5b51,2025-01-01,72,68,63,67,62,66.9,GOOD,35415.25,13,7,7113.65,0.86,0,,2025-01-01
be1bd833-c168-4c99-8a5b-c2a8b29287a0,2566205d-339c-4157-a1f7-c907482ec0a3,2024-05-01,83,64,79,82,75,77.0,GOOD,7176.71,10,6,3529.61,0.94,0,,2024-05-01
6f5c3a30-76d5-4af4-83e7-9830afbb106d,2566205d-339c-4157-a1f7-c907482ec0a3,2024-05-01,71,73,60,79,78,71.9,GOOD,2605.26,22,5,12345.3,0.56,0,,2024-05-01
4058ece3-1be1-4692-9bde-7520da772f78,2566205d-339c-4157-a1f7-c907482ec0a3,2024-06-01,77,62,61,73,80,70.5,GOOD,16936.06,19,14,11685.29,0.82,0,,2024-06-01
d79094a5-76b5-4bf8-b1c0-6d778a8063f1,2566205d-339c-4157-a1f7-c907482ec0a3,2024-07-01,66,80,72,66,81,72.2,GOOD,39081.32,14,3,14733.29,0.74,0,,2024-07-01
628d4b5a-f184-4f74-8d31-b06449505b15,2566205d-339c-4157-a1f7-c907482ec0a3,2024-08-01,60,70,83,80,69,72.0,GOOD,10477.85,6,12,7451.83,0.94,0,,2024-08-01
603bdf5a-4b56-493a-afb1-3cb447c97528,2566205d-339c-4157-a1f7-c907482ec0a3,2024-09-01,75,77,68,72,82,74.5,GOOD,46091.07,10,14,2722.99,0.91,0,,2024-09-01
3bc8325d-5e3f-4d22-b2db-f6b12142b33f,2566205d-339c-4157-a1f7-c907482ec0a3,2024-10-01,76,66,74,70,79,72.8,GOOD,37457.94,9,12,6634.77,0.74,0,,2024-10-01
ccc72c5e-8eb4-49e0-be65-347a000f24a9,2566205d-339c-4157-a1f7-c907482ec0a3,2024-11-01,82,61,85,64,66,72.4,GOOD,37594.23,16,11,12301.33,0.57,0,,2024-11-01
19c37769-9c85-4a1c-ac4f-1bd162a5c1a7,2566205d-339c-4157-a1f7-c907482ec0a3,2024-12-01,70,72,69,61,83,70.4,GOOD,1119.52,15,5,3377.64,0.76,0,,2024-12-01
a605161e-98f2-4067-bee3-b1bc8dc12f96,2566205d-339c-4157-a1f7-c907482ec0a3,2025-01-01,75,79,70,81,64,74.3,GOOD,14345.39,1,11,8979.09,0.83,0,,2025-01-01
52a92d74-5817-41cf-8039-ad91efdf66f0,115804b5-d9c6-401e-a450-d16354ecaf2d,2024-05-01,41,55,58,36,64,49.7,AT_RISK,24593.6,14,5,5980.25,0.7,1,Low order frequency,2024-05-01
33e620d5-08d1-4061-bbc8-2002d0ed46e8,115804b5-d9c6-401e-a450-d16354ecaf2d,2024-05-01,50,71,46,41,54,52.2,AVERAGE,27746.51,4,10,7125.44,0.62,0,,2024-05-01
c3d939d2-1a30-4d60-9554-cac2fb280751,115804b5-d9c6-401e-a450-d16354ecaf2d,2024-06-01,52,38,53,47,60,49.6,AT_RISK,14542.17,11,2,9680.55,0.58,1,Low order frequency,2024-06-01
79122c22-2106-45be-9d0d-a949eaf12550,115804b5-d9c6-401e-a450-d16354ecaf2d,2024-07-01,62,38,38,75,46,52.6,AVERAGE,35421.69,5,7,10856.46,0.94,0,,2024-07-01
4ffb88ba-a4a1-49cb-85f6-42cac0cfcc4e,115804b5-d9c6-401e-a450-d16354ecaf2d,2024-08-01,62,66,73,74,45,64.9,AVERAGE,20997.04,5,5,4981.61,0.66,0,,2024-08-01
117332f0-9cad-4f45-8946-c70a84160c52,115804b5-d9c6-401e-a450-d16354ecaf2d,2024-09-01,41,64,69,39,54,52.8,AVERAGE,26144.32,24,1,8983.49,0.83,0,,2024-09-01
9d737ddf-47a5-4a6a-843f-2aee4b9bacd1,115804b5-d9c6-401e-a450-d16354ecaf2d,2024-10-01,59,58,70,59,41,58.3,AVERAGE,14940.51,20,3,10540.48,0.94,0,,2024-10-01
ca3c68d2-afb9-42c0-ba16-e4b5ae95e15a,115804b5-d9c6-401e-a450-d16354ecaf2d,2024-11-01,42,39,72,49,59,51.4,AVERAGE,26915.04,25,6,8225.8,0.94,0,,2024-11-01
64d0cde0-54f0-496e-b01a-1943e48f5ad5,115804b5-d9c6-401e-a450-d16354ecaf2d,2024-12-01,45,46,67,65,62,56.1,AVERAGE,24283.95,22,5,5471.31,0.92,0,,2024-12-01
12005228-0e96-45c0-8c65-d76688d92ed1,115804b5-d9c6-401e-a450-d16354ecaf2d,2025-01-01,39,69,59,71,53,57.5,AVERAGE,32971.05,8,10,2673.66,0.56,0,,2025-01-01
61cabcc9-ad58-420e-bcb7-f3cb5ae9b4bf,afefc15d-6186-4e28-b665-0c08ecf4a9ab,2024-05-01,38,67,61,43,68,53.9,AVERAGE,37991.79,23,4,6126.39,0.83,0,,2024-05-01
0b92cacc-15b4-47da-a746-0dafa6598a60,afefc15d-6186-4e28-b665-0c08ecf4a9ab,2024-05-01,75,65,41,53,46,57.5,AVERAGE,23344.44,19,4,14011.54,0.79,0,,2024-05-01
b5843bc6-2e47-45d9-8d35-21f70ec21e20,afefc15d-6186-4e28-b665-0c08ecf4a9ab,2024-06-01,46,39,44,56,72,50.1,AVERAGE,40786.09,8,6,4787.59,0.6,0,,2024-06-01
566b9848-ec8a-459e-ae98-0fdb0f261e64,afefc15d-6186-4e28-b665-0c08ecf4a9ab,2024-07-01,53,42,45,62,61,52.2,AVERAGE,20157.56,6,11,2588.88,0.77,0,,2024-07-01
2814fe14-1953-4b4b-a6f5-14c8757c48d7,afefc15d-6186-4e28-b665-0c08ecf4a9ab,2024-08-01,55,60,61,37,74,56.5,AVERAGE,176.5,5,9,9124.56,0.87,0,,2024-08-01
fe7933d1-6ab3-474b-91ae-cd61d8eaa1f7,afefc15d-6186-4e28-b665-0c08ecf4a9ab,2024-09-01,39,39,39,42,75,45.0,AT_RISK,1440.6,12,1,4011.17,0.7,1,No orders in 30 days,2024-09-01
cf5e9f31-b2ca-4724-b40f-441048d540d9,afefc15d-6186-4e28-b665-0c08ecf4a9ab,2024-10-01,40,56,58,51,44,49.6,AT_RISK,49154.96,23,8,10718.07,0.59,1,Declining order value,2024-10-01
e609a270-9d40-4fc7-bf3a-e97e16db5317,afefc15d-6186-4e28-b665-0c08ecf4a9ab,2024-11-01,52,39,38,54,57,47.8,AT_RISK,43667.11,18,8,7281.66,0.84,1,No orders in 30 days,2024-11-01
6bc17979-ae88-42c6-9660-319470aedde2,afefc15d-6186-4e28-b665-0c08ecf4a9ab,2024-12-01,67,67,36,74,36,57.6,AVERAGE,35391.77,9,10,11014.64,0.61,0,,2024-12-01
88ac9023-9510-4513-ade6-ce8eace05f16,afefc15d-6186-4e28-b665-0c08ecf4a9ab,2025-01-01,36,56,41,67,58,50.5,AVERAGE,41564.41,24,12,6998.37,0.95,0,,2025-01-01
4e823d63-79cb-4142-9b4e-83a7a995b7d6,8964dfde-f9d0-4250-91ce-6b245cb1ce68,2024-05-01,47,66,44,70,41,53.9,AVERAGE,5274.71,6,4,3009.94,0.65,0,,2024-05-01
2612d304-04f1-4788-b2a2-654c2b1b8e77,8964dfde-f9d0-4250-91ce-6b245cb1ce68,2024-05-01,69,60,49,61,62,60.5,AVERAGE,25209.87,6,10,6129.13,0.66,0,,2024-05-01
2966881e-2f56-4b7e-96e6-e91ea54a3320,8964dfde-f9d0-4250-91ce-6b245cb1ce68,2024-06-01,69,56,71,75,73,68.6,GOOD,22361.5,27,13,14150.02,0.89,0,,2024-06-01
58811414-1525-4690-9388-b06d126ed581,8964dfde-f9d0-4250-91ce-6b245cb1ce68,2024-07-01,57,66,37,38,57,51.0,AVERAGE,20525.7,17,12,5765.92,0.89,0,,2024-07-01
4e675809-15d7-4a0a-8073-47c7589309f9,8964dfde-f9d0-4250-91ce-6b245cb1ce68,2024-08-01,47,44,74,37,69,53.1,AVERAGE,4404.01,3,7,2564.06,0.88,0,,2024-08-01
c76305b7-7ce9-4d4c-bb30-6c8faa7ae85e,8964dfde-f9d0-4250-91ce-6b245cb1ce68,2024-09-01,61,46,74,50,71,59.9,AVERAGE,36199.65,24,13,13495.96,0.8,0,,2024-09-01
b596740f-248a-4612-89cd-2dcf06225926,8964dfde-f9d0-4250-91ce-6b245cb1ce68,2024-10-01,40,47,59,40,55,47.5,AT_RISK,421.79,25,1,4646.77,0.65,1,Overdue payments,2024-10-01
c48aa076-f434-402b-857b-b8c46353dddc,8964dfde-f9d0-4250-91ce-6b245cb1ce68,2024-11-01,75,71,44,42,44,56.8,AVERAGE,49753.71,20,7,14071.13,0.92,0,,2024-11-01
868a3385-6e47-4087-bdc3-7cfa3187721f,8964dfde-f9d0-4250-91ce-6b245cb1ce68,2024-12-01,59,37,38,66,64,52.6,AVERAGE,42201.77,11,8,14032.91,0.69,0,,2024-12-01
82e01912-9449-44c1-bbb4-9ff0c849783d,8964dfde-f9d0-4250-91ce-6b245cb1ce68,2025-01-01,56,59,43,47,71,54.4,AVERAGE,34189.17,16,7,6012.87,0.71,0,,2025-01-01
657e8095-9356-4358-a557-baede3f943de,256796f6-3eaf-4043-91bf-faa41d78325a,2024-05-01,74,39,53,56,64,57.7,AVERAGE,25511.46,12,10,12785.02,0.9,0,,2024-05-01
83cd5de3-b922-4121-98a4-d6ca45316f07,256796f6-3eaf-4043-91bf-faa41d78325a,2024-05-01,35,72,56,42,73,53.7,AVERAGE,36321.79,30,14,2376.28,0.68,0,,2024-05-01
b1ada393-bafb-4f5b-9402-e4d57093f24d,256796f6-3eaf-4043-91bf-faa41d78325a,2024-06-01,74,38,57,59,36,54.7,AVERAGE,42648.11,27,3,7066.77,0.9,0,,2024-06-01
c9466320-37ec-46d5-b801-4658162331ca,256796f6-3eaf-4043-91bf-faa41d78325a,2024-07-01,60,43,56,41,38,48.7,AT_RISK,4850.01,28,4,2327.69,0.74,1,No orders in 30 days,2024-07-01
2a6a5de3-bc83-41fc-ab4d-34f40f704aae,256796f6-3eaf-4043-91bf-faa41d78325a,2024-08-01,37,50,49,35,45,42.8,AT_RISK,20514.31,30,8,7445.86,0.8,1,Low order frequency,2024-08-01
0bee8898-00ac-4ec3-9d22-882075872259,256796f6-3eaf-4043-91bf-faa41d78325a,2024-09-01,61,70,70,63,35,61.1,AVERAGE,21245.43,10,2,2736.2,0.57,0,,2024-09-01
4a14145b-a724-4931-85b0-98f10026b358,256796f6-3eaf-4043-91bf-faa41d78325a,2024-10-01,74,39,35,65,44,52.9,AVERAGE,44844.65,20,12,7640.53,0.62,0,,2024-10-01
426bb62f-0c4b-478f-968b-d91b4ca11fb8,256796f6-3eaf-4043-91bf-faa41d78325a,2024-11-01,53,68,56,57,42,55.8,AVERAGE,17063.36,21,8,2466.61,0.63,0,,2024-11-01
ec24d473-53a6-40b1-a045-441d09fd90e6,256796f6-3eaf-4043-91bf-faa41d78325a,2024-12-01,47,53,71,40,63,54.0,AVERAGE,40352.91,3,11,2650.62,0.64,0,,2024-12-01
29d75b8f-03e2-4732-b0bc-cb3979aaf3e1,256796f6-3eaf-4043-91bf-faa41d78325a,2025-01-01,75,56,66,75,37,63.7,AVERAGE,16727.67,18,4,10482.33,0.94,0,,2025-01-01
e60548e0-0665-4628-be5a-2c77ef4889b1,412af8cf-f49a-46c9-86fd-ee8fc3a1512e,2024-05-01,54,72,52,50,75,59.5,AVERAGE,24388.32,16,6,2765.54,0.63,0,,2024-05-01
36979ac1-e52f-4ad4-90b6-441c4d95c6ea,412af8cf-f49a-46c9-86fd-ee8fc3a1512e,2024-05-01,70,56,48,71,74,63.6,AVERAGE,42969.18,23,3,8594.78,0.84,0,,2024-05-01
846cd204-aa26-4f15-8972-f01d20bde2fa,412af8cf-f49a-46c9-86fd-ee8fc3a1512e,2024-06-01,59,72,49,51,40,55.2,AVERAGE,48562.44,26,6,3779.99,0.72,0,,2024-06-01
3fff0523-9225-4b4c-9e80-df1eb596d7f3,412af8cf-f49a-46c9-86fd-ee8fc3a1512e,2024-07-01,41,60,57,38,62,50.5,AVERAGE,47467.95,10,4,11177.19,0.88,0,,2024-07-01
36596581-ab25-416c-b767-db22b6e37e18,412af8cf-f49a-46c9-86fd-ee8fc3a1512e,2024-08-01,36,57,53,38,60,47.6,AT_RISK,21286.71,4,5,8646.5,0.7,1,Poor commitment fulfillment,2024-08-01
34fadffa-af77-4395-96f1-f3a544e73a5d,412af8cf-f49a-46c9-86fd-ee8fc3a1512e,2024-09-01,70,46,64,44,56,56.7,AVERAGE,20319.39,27,4,13918.56,0.65,0,,2024-09-01
33b9a901-3709-47b0-af01-96bc3f3e9b0c,412af8cf-f49a-46c9-86fd-ee8fc3a1512e,2024-10-01,38,72,75,44,44,54.3,AVERAGE,13924.66,25,2,3187.61,0.74,0,,2024-10-01
77552534-19e6-40ef-9b94-7af23887cdab,412af8cf-f49a-46c9-86fd-ee8fc3a1512e,2024-11-01,58,57,47,62,66,57.6,AVERAGE,12106.69,23,8,12316.52,0.93,0,,2024-11-01
2a8cc65e-4421-4625-a7e4-99d665b11aab,412af8cf-f49a-46c9-86fd-ee8fc3a1512e,2024-12-01,39,41,56,43,41,43.9,AT_RISK,46093.82,6,14,7633.9,0.79,1,Poor commitment fulfillment,2024-12-01
dfb85873-edcb-4cdf-b570-7de2da5a6301,412af8cf-f49a-46c9-86fd-ee8fc3a1512e,2025-01-01,50,61,35,71,72,56.7,AVERAGE,24764.5,16,4,13250.35,0.8,0,,2025-01-01
c4fd217f-4742-40b9-bcd9-fdf6b5b2aa46,4260ce4c-5209-476c-afb1-655f9e02133d,2024-05-01,86,78,82,77,75,80.2,EXCELLENT,39882.28,21,14,9390.27,0.72,0,,2024-05-01
bb1e71f0-12fb-4b8b-89ea-932caa7375b2,4260ce4c-5209-476c-afb1-655f9e02133d,2024-05-01,92,91,88,81,85,87.8,EXCELLENT,29753.59,4,3,4928.03,0.82,0,,2024-05-01
53bdcc59-93a8-46e1-a685-8b465b4c0e46,4260ce4c-5209-476c-afb1-655f9e02133d,2024-06-01,90,86,87,89,84,87.5,EXCELLENT,15634.82,15,12,8362.96,0.79,0,,2024-06-01
06487cea-99e7-46c2-8dfe-9061148cff52,4260ce4c-5209-476c-afb1-655f9e02133d,2024-07-01,83,79,79,86,88,82.8,EXCELLENT,10419.75,25,6,2883.02,0.56,0,,2024-07-01
3a3acea8-211b-4bbf-a75c-b529b889b02d,4260ce4c-5209-476c-afb1-655f9e02133d,2024-08-01,81,78,79,77,94,81.2,EXCELLENT,49933.53,10,5,3720.5,0.63,0,,2024-08-01
b4fc6683-e9e8-44ed-ae50-c6ab9393c85f,4260ce4c-5209-476c-afb1-655f9e02133d,2024-09-01,77,84,85,83,76,81.1,EXCELLENT,12242.14,16,12,5533.79,0.69,0,,2024-09-01
38e9a3fe-4c68-45a8-b8d2-27aba5173901,4260ce4c-5209-476c-afb1-655f9e02133d,2024-10-01,88,83,80,79,86,83.3,EXCELLENT,18489.59,5,14,3773.53,0.58,0,,2024-10-01
b81a7fb8-9a5e-4535-9566-a1b1e2ff5cbe,4260ce4c-5209-476c-afb1-655f9e02133d,2024-11-01,94,80,95,75,90,87.0,EXCELLENT,15131.74,3,11,3372.04,0.82,0,,2024-11-01
511cc2d6-2cbb-414b-a7d3-fa51ded9765c,4260ce4c-5209-476c-afb1-655f9e02133d,2024-12-01,87,80,94,90,91,88.2,EXCELLENT,41825.87,5,11,8553.48,0.66,0,,2024-12-01
2f2330be-45c9-4e80-8d51-69e7661bf9b0,4260ce4c-5209-476c-afb1-655f9e02133d,2025-01-01,81,91,78,80,93,84.0,EXCELLENT,36970.12,29,11,7642.37,0.87,0,,2025-01-01
d1454541-d759-4c09-b00a-a688ca735be2,d175149d-f407-43df-900f-8f974386b491,2024-05-01,68,82,60,82,84,74.4,GOOD,40275.38,1,12,9534.52,0.78,0,,2024-05-01
ec06362a-de8f-4dbc-9125-d0773e10497a,d175149d-f407-43df-900f-8f974386b491,2024-05-01,67,83,73,77,83,75.8,GOOD,22453.01,3,8,3883.03,0.93,0,,2024-05-01
c419a40d-dc86-42ba-944b-7c16d6bbda65,d175149d-f407-43df-900f-8f974386b491,2024-06-01,82,62,77,68,80,73.9,GOOD,39763.36,29,8,14516.62,0.66,0,,2024-06-01
69d2a318-129f-4186-9e32-d3485302e746,d175149d-f407-43df-900f-8f974386b491,2024-07-01,85,61,61,61,70,68.4,GOOD,12677.75,8,11,3171.75,0.93,0,,2024-07-01
96afc058-f24c-46d7-a3c6-cb24ead90e15,d175149d-f407-43df-900f-8f974386b491,2024-08-01,65,64,65,82,73,69.4,GOOD,14957.14,6,4,4021.98,0.62,0,,2024-08-01
7267ae88-549b-4cf7-9095-431d02b8c315,d175149d-f407-43df-900f-8f974386b491,2024-09-01,80,69,84,81,80,78.8,GOOD,33575.31,28,1,13428.76,0.64,0,,2024-09-01
64ca5f04-86c0-4c67-98de-076cfae3ef26,d175149d-f407-43df-900f-8f974386b491,2024-10-01,78,66,69,75,73,72.5,GOOD,32687.43,20,10,6168.18,0.83,0,,2024-10-01
9269e574-000f-4ea1-9659-9a08c0057bcb,d175149d-f407-43df-900f-8f974386b491,2024-11-01,66,64,70,66,83,69.0,GOOD,23646.66,21,5,12082.92,0.61,0,,2024-11-01
e9ede180-7db5-46a1-a21e-9a1c10ada134,d175149d-f407-43df-900f-8f974386b491,2024-12-01,73,84,74,62,72,73.0,GOOD,14393.96,9,4,11877.38,0.6,0,,2024-12-01
1b2411ca-f1c2-4036-b0f3-ce35e6c29088,d175149d-f407-43df-900f-8f974386b491,2025-01-01,71,69,83,81,72,75.2,GOOD,6717.79,2,6,6456.36,0.75,0,,2025-01-01
1d3ccd1b-60e1-400d-b5a9-0ca3d9202b5e,22e73046-8fe1-47f8-b7e2-c67e1cc1a458,2024-05-01,71,71,71,77,76,73.0,GOOD,16907.59,19,10,3276.38,0.91,0,,2024-05-01
22a706a9-7a20-49a4-9687-78bd189f3410,22e73046-8fe1-47f8-b7e2-c67e1cc1a458,2024-05-01,80,76,78,84,61,76.8,GOOD,10986.57,9,8,7969.88,0.92,0,,2024-05-01
4d99230c-7df4-49fe-8bc9-841ed18c67e3,22e73046-8fe1-47f8-b7e2-c67e1cc1a458,2024-06-01,68,83,79,78,71,75.7,GOOD,39280.54,18,6,4750.5,0.79,0,,2024-06-01
c7de1f2e-1cd6-4b31-b34d-db4badb3f447,22e73046-8fe1-47f8-b7e2-c67e1cc1a458,2024-07-01,84,63,63,84,85,75.8,GOOD,41862.76,8,1,12465.38,0.88,0,,2024-07-01
7104c5ec-ad0a-4ba8-b3be-5cc91f224f46,22e73046-8fe1-47f8-b7e2-c67e1cc1a458,2024-08-01,64,83,62,65,63,67.5,GOOD,42754.86,25,7,3315.6,0.92,0,,2024-08-01
c43335fa-7ac6-4d02-ac7e-6fd4b204eadf,22e73046-8fe1-47f8-b7e2-c67e1cc1a458,2024-09-01,84,85,80,74,73,79.8,GOOD,6969.63,3,13,12278.48,0.73,0,,2024-09-01
11d45b3c-c213-48c0-aac9-b6ab8c6b7ac3,22e73046-8fe1-47f8-b7e2-c67e1cc1a458,2024-10-01,81,63,80,60,64,70.5,GOOD,39676.03,22,10,8725.08,0.88,0,,2024-10-01
560615bf-3c8c-481d-a514-06e1096e0a87,22e73046-8fe1-47f8-b7e2-c67e1cc1a458,2024-11-01,66,63,64,73,70,67.0,GOOD,46600.39,5,11,8507.82,0.55,0,,2024-11-01
c12020ce-cb23-4a9e-95ca-97cf8443e7b6,22e73046-8fe1-47f8-b7e2-c67e1cc1a458,2024-12-01,61,74,69,85,84,73.5,GOOD,43736.55,18,9,10592.87,0.77,0,,2024-12-01
d571d705-1aaa-4e58-904b-08e01a02fe41,22e73046-8fe1-47f8-b7e2-c67e1cc1a458,2025-01-01,62,60,71,68,76,66.7,GOOD,14585.8,9,13,5197.26,0.92,0,,2025-01-01
69445078-b91f-433d-beac-66807b20d7da,e239d371-6d2f-47bc-98f7-f79cfbbfb521,2024-05-01,70,38,38,69,59,55.4,AVERAGE,20454.81,11,9,14412.74,0.58,0,,2024-05-01
0672c068-0464-4f66-a594-4c2fbb717561,e239d371-6d2f-47bc-98f7-f79cfbbfb521,2024-05-01,48,74,50,59,44,55.2,AVERAGE,7300.14,29,4,12017.73,0.92,0,,2024-05-01
b388baf9-7a05-475b-810a-e7a896650ab5,e239d371-6d2f-47bc-98f7-f79cfbbfb521,2024-06-01,48,59,52,62,71,57.2,AVERAGE,17474.81,19,11,6041.7,0.92,0,,2024-06-01
176c2af1-7c9a-4cad-9fdc-ac226a3d9ef2,e239d371-6d2f-47bc-98f7-f79cfbbfb521,2024-07-01,71,44,35,58,54,53.2,AVERAGE,26150.5,17,6,2668.44,0.91,0,,2024-07-01
04fbe3ed-fd3f-4db5-adcb-d38bb2d9a9a0,e239d371-6d2f-47bc-98f7-f79cfbbfb521,2024-08-01,44,58,64,73,40,56.0,AVERAGE,20437.31,22,11,10051.66,0.57,0,,2024-08-01
dd20e58e-ddf5-4c35-9c24-9a5bb1d4581a,e239d371-6d2f-47bc-98f7-f79cfbbfb521,2024-09-01,65,65,45,61,73,61.4,AVERAGE,6431.75,6,4,13987.4,0.57,0,,2024-09-01
f3c970b6-fb12-495c-9a1f-ad45b48b7454,e239d371-6d2f-47bc-98f7-f79cfbbfb521,2024-10-01,74,60,61,44,63,61.0,AVERAGE,49211.42,29,3,6420.68,0.56,0,,2024-10-01
c6ebc376-74b3-430b-a833-88da6136a7d7,e239d371-6d2f-47bc-98f7-f79cfbbfb521,2024-11-01,35,39,43,37,35,37.8,AT_RISK,14212.81,16,6,14178.56,0.76,1,Poor commitment fulfillment,2024-11-01
d0de3dc3-97fb-41c2-90b1-9afd60a04c6a,e239d371-6d2f-47bc-98f7-f79cfbbfb521,2024-12-01,45,43,44,65,43,48.1,AT_RISK,25630.03,19,10,4909.8,0.58,1,Low order frequency,2024-12-01
132709dc-4cb6-4d88-8fe6-0728d8c97a87,e239d371-6d2f-47bc-98f7-f79cfbbfb521,2025-01-01,67,56,67,65,67,64.4,AVERAGE,41123.34,30,8,4668.22,0.57,0,,2025-01-01
b8a08e02-34d6-4a58-b4a0-8949afebc202,dc84c823-845e-4588-859b-49a7e3d43b3c,2024-05-01,57,49,69,60,65,59.6,AVERAGE,49505.7,13,8,7923.07,0.55,0,,2024-05-01
85a365ff-c079-4eee-88ff-9deb9eb8ac3b,dc84c823-845e-4588-859b-49a7e3d43b3c,2024-05-01,47,65,75,47,63,58.6,AVERAGE,28283.15,13,8,12689.97,0.77,0,,2024-05-01
27983b68-2a6e-45b6-b3b8-acd9cc6efa60,dc84c823-845e-4588-859b-49a7e3d43b3c,2024-06-01,37,47,61,63,42,49.8,AT_RISK,46256.83,19,5,10896.45,0.85,1,Poor commitment fulfillment,2024-06-01
709c7c30-3066-48ab-8678-1a9d334bc1a4,dc84c823-845e-4588-859b-49a7e3d43b3c,2024-07-01,37,40,46,47,56,44.2,AT_RISK,26314.58,6,4,10317.99,0.66,1,Declining order value,2024-07-01
57e762e0-8516-479a-96e7-c82383d41f8b,dc84c823-845e-4588-859b-49a7e3d43b3c,2024-08-01,74,64,37,69,49,59.9,AVERAGE,15303.91,14,3,6888.68,0.8,0,,2024-08-01
195970a8-178d-4bac-91ea-10786c490669,dc84c823-845e-4588-859b-49a7e3d43b3c,2024-09-01,49,60,54,54,39,51.7,AVERAGE,13559.08,28,8,12330.08,0.73,0,,2024-09-01
f5808a51-ea02-4860-8aaa-a9cafa3cd2dd,dc84c823-845e-4588-859b-49a7e3d43b3c,2024-10-01,75,53,56,71,71,65.4,GOOD,13779.53,17,9,4956.55,0.76,0,,2024-10-01
5ce2c14f-aed3-4473-aab6-f251792a4a01,dc84c823-845e-4588-859b-49a7e3d43b3c,2024-11-01,35,69,72,68,68,60.8,AVERAGE,45722.25,24,1,9619.7,0.63,0,,2024-11-01
944c1472-125f-45a0-9142-276ee602a465,dc84c823-845e-4588-859b-49a7e3d43b3c,2024-12-01,36,63,73,59,53,56.0,AVERAGE,14618.93,17,13,13279.91,0.74,0,,2024-12-01
6ae47ae8-22b3-4c52-acce-d1e332094425,dc84c823-845e-4588-859b-49a7e3d43b3c,2025-01-01,57,57,43,56,49,52.8,AVERAGE,30036.55,3,11,4372.24,0.94,0,,2025-01-01
b88949ed-075b-4fdc-9d8b-a4be780f138f,76fd9001-d837-4dd4-9c5d-fae3eabe879a,2024-05-01,57,55,43,55,36,50.2,AVERAGE,45053.11,25,14,4501.93,0.77,0,,2024-05-01
689cb63b-1efd-44ee-a92a-c3da950facfc,76fd9001-d837-4dd4-9c5d-fae3eabe879a,2024-05-01,64,47,65,61,38,56.3,AVERAGE,33107.16,16,9,8161.55,0.93,0,,2024-05-01
ac555899-f19e-47cd-8dc4-5603ec38c5cd,76fd9001-d837-4dd4-9c5d-fae3eabe879a,2024-06-01,50,43,42,56,67,50.8,AVERAGE,38655.53,21,7,4706.87,0.63,0,,2024-06-01
5f988eba-9371-47e6-99bd-860cd879e639,76fd9001-d837-4dd4-9c5d-fae3eabe879a,2024-07-01,74,43,67,57,68,62.1,AVERAGE,36732.48,14,8,14711.56,0.64,0,,2024-07-01
41028dfb-547c-4019-a36e-38d68a4bf536,76fd9001-d837-4dd4-9c5d-fae3eabe879a,2024-08-01,75,59,36,53,67,58.4,AVERAGE,34245.84,17,9,5051.0,0.71,0,,2024-08-01
7511c07e-d0e1-4eff-87d0-71250d86e04d,76fd9001-d837-4dd4-9c5d-fae3eabe879a,2024-09-01,70,42,63,55,35,54.8,AVERAGE,21667.81,28,1,10939.47,0.67,0,,2024-09-01
ad1d5d79-4603-4cd3-ab25-11b76b43b23f,76fd9001-d837-4dd4-9c5d-fae3eabe879a,2024-10-01,64,39,69,67,68,61.2,AVERAGE,636.76,22,7,10755.74,0.81,0,,2024-10-01
e81d9c1e-ad31-4cc4-b6b4-3841157a3962,76fd9001-d837-4dd4-9c5d-fae3eabe879a,2024-11-01,57,39,49,40,72,50.6,AVERAGE,6088.57,25,5,4123.7,0.71,0,,2024-11-01
2b08d666-00b0-4ed8-971c-d68f77beedb5,76fd9001-d837-4dd4-9c5d-fae3eabe879a,2024-12-01,47,35,63,51,60,50.6,AVERAGE,40013.1,18,12,7057.74,0.63,0,,2024-12-01
fbc0f372-bbd8-48d2-93fc-8bf9dd2db2c5,76fd9001-d837-4dd4-9c5d-fae3eabe879a,2025-01-01,59,53,59,39,38,50.7,AVERAGE,44917.94,24,8,9130.54,0.85,0,,2025-01-01
3ef95d64-d6b1-4f38-a017-27f2e362f7be,9580c8f6-6df1-4dd7-b0aa-6bfc58b89c5c,2024-05-01,45,63,64,73,51,58.9,AVERAGE,30985.09,16,7,6230.3,0.9,0,,2024-05-01
14432584-a9d4-4e9a-96aa-7550b3f347fb,9580c8f6-6df1-4dd7-b0aa-6bfc58b89c5c,2024-05-01,67,74,70,67,43,65.4,GOOD,11010.8,20,2,7321.12,0.61,0,,2024-05-01
4c22db0a-817e-4d1e-ae59-a1a35d312f17,9580c8f6-6df1-4dd7-b0aa-6bfc58b89c5c,2024-06-01,37,53,74,41,53,50.8,AVERAGE,47766.08,4,9,14147.75,0.87,0,,2024-06-01
2bb8ee9c-ce1a-4b21-bed9-bdbebe7aa78b,9580c8f6-6df1-4dd7-b0aa-6bfc58b89c5c,2024-07-01,61,43,50,50,48,51.0,AVERAGE,26594.29,29,11,5076.43,0.71,0,,2024-07-01
ba8a8e79-8260-4c45-a17d-8c55a8d139d4,9580c8f6-6df1-4dd7-b0aa-6bfc58b89c5c,2024-08-01,46,72,38,37,50,48.4,AT_RISK,7026.23,27,11,5988.14,0.75,1,Declining order value,2024-08-01
b40b2d94-283d-4b6b-9bde-867025e25589,9580c8f6-6df1-4dd7-b0aa-6bfc58b89c5c,2024-09-01,38,72,51,42,74,53.6,AVERAGE,49144.56,3,4,2681.24,0.67,0,,2024-09-01
0aeedb42-0606-47c6-a27e-953e21ff0e67,9580c8f6-6df1-4dd7-b0aa-6bfc58b89c5c,2024-10-01,58,44,73,37,75,56.6,AVERAGE,401.62,12,10,13283.64,0.81,0,,2024-10-01
0af6e2c9-73e6-497e-b237-fc7a980fd8a8,9580c8f6-6df1-4dd7-b0aa-6bfc58b89c5c,2024-11-01,58,65,37,70,47,55.9,AVERAGE,29071.24,5,14,10562.32,0.72,0,,2024-11-01
98fe9142-9290-4c47-9d60-586f331f381e,9580c8f6-6df1-4dd7-b0aa-6bfc58b89c5c,2024-12-01,35,48,38,66,67,49.2,AT_RISK,31327.77,3,14,10346.37,0.86,1,No orders in 30 days,2024-12-01
d67fa726-2e11-45e2-8945-cf5f8eb89e66,9580c8f6-6df1-4dd7-b0aa-6bfc58b89c5c,2025-01-01,44,73,52,60,41,54.1,AVERAGE,7325.31,30,6,10400.65,0.75,0,,2025-01-01
30013127-344e-4bb9-9a80-9bfe12d34164,de4699bf-d9e7-45b9-9875-43405fdc2981,2024-05-01,77,81,81,63,82,76.5,GOOD,8295.93,7,13,12741.09,0.82,0,,2024-05-01
7b927363-526f-4beb-abbd-6f0e4322e2c5,de4699bf-d9e7-45b9-9875-43405fdc2981,2024-05-01,60,66,61,77,82,68.1,GOOD,30606.83,6,11,11805.41,0.7,0,,2024-05-01
a3e2aa69-8eaf-4018-b09b-a225ec631f6e,de4699bf-d9e7-45b9-9875-43405fdc2981,2024-06-01,67,81,62,62,69,68.1,GOOD,45253.75,28,3,11449.82,0.69,0,,2024-06-01
7b9f1b76-8cd3-4c64-b73e-e2164315d7ba,de4699bf-d9e7-45b9-9875-43405fdc2981,2024-07-01,61,76,85,60,85,72.2,GOOD,14139.42,6,8,12960.6,0.58,0,,2024-07-01
8d1ba75c-d588-4464-b45d-46428811452b,de4699bf-d9e7-45b9-9875-43405fdc2981,2024-08-01,75,77,63,65,82,72.0,GOOD,46855.93,19,4,5190.03,0.64,0,,2024-08-01
927dcc75-0c77-43c3-abf0-4f0b413e1c69,de4699bf-d9e7-45b9-9875-43405fdc2981,2024-09-01,71,68,64,81,64,70.0,GOOD,37903.88,7,11,10581.98,0.85,0,,2024-09-01
4590a86e-b903-4d15-96a9-0861edb5210b,de4699bf-d9e7-45b9-9875-43405fdc2981,2024-10-01,81,75,76,63,72,73.9,GOOD,8884.62,4,12,5565.48,0.61,0,,2024-10-01
2aac4acb-6f7e-498a-b1a2-db92390b118c,de4699bf-d9e7-45b9-9875-43405fdc2981,2024-11-01,73,71,80,73,70,73.6,GOOD,21898.98,1,8,7513.56,0.58,0,,2024-11-01
07cc62cf-db84-4ae4-a1f1-2b34f3edc928,de4699bf-d9e7-45b9-9875-43405fdc2981,2024-12-01,68,63,73,66,70,67.9,GOOD,2750.97,5,2,5689.44,0.58,0,,2024-12-01
d1b2cb55-7f4e-42f4-a2a6-b94469c749b0,de4699bf-d9e7-45b9-9875-43405fdc2981,2025-01-01,60,72,80,63,63,67.5,GOOD,42612.32,29,2,14754.29,0.85,0,,2025-01-01
61ff8f4c-08fd-4597-ab21-6bf12aa2371d,5881aaf5-037c-4728-9071-8b104e5413dc,2024-05-01,72,69,70,70,76,71.2,GOOD,9312.71,1,11,9445.05,0.85,0,,2024-05-01
96785267-8eae-405d-bfc1-db438161d434,5881aaf5-037c-4728-9071-8b104e5413dc,2024-05-01,82,64,85,68,68,74.1,GOOD,17967.09,13,2,14834.18,0.67,0,,2024-05-01
77cf0193-d2e5-489f-9f77-09ddcdebf011,5881aaf5-037c-4728-9071-8b104e5413dc,2024-06-01,73,70,67,85,74,73.8,GOOD,122.14,5,4,11691.68,0.82,0,,2024-06-01
3d9bbc7b-72b0-46aa-b6c6-a940d96774ad,5881aaf5-037c-4728-9071-8b104e5413dc,2024-07-01,79,85,76,67,85,78.1,GOOD,47426.46,21,4,4203.66,0.84,0,,2024-07-01
55e6cf23-10bc-4c1b-9106-5f107147080d,5881aaf5-037c-4728-9071-8b104e5413dc,2024-08-01,67,82,72,74,74,73.5,GOOD,41976.73,20,9,9387.6,0.7,0,,2024-08-01
1e2f5b13-2dde-4cba-8b1e-2c623f8224c7,5881aaf5-037c-4728-9071-8b104e5413dc,2024-09-01,69,64,71,82,84,73.2,GOOD,3317.74,2,2,4497.95,0.83,0,,2024-09-01
475ed8e0-fc09-4d15-b3a3-c6ff5b77af04,5881aaf5-037c-4728-9071-8b104e5413dc,2024-10-01,76,77,62,81,65,72.8,GOOD,6037.68,12,13,14031.36,0.95,0,,2024-10-01
bbe42f5a-612d-4998-99c8-c1cbbc75e200,5881aaf5-037c-4728-9071-8b104e5413dc,2024-11-01,68,77,78,79,67,73.8,GOOD,43050.68,29,13,8566.48,0.6,0,,2024-11-01
1a8c8eb6-4f47-41ad-a953-339b69a5a4f9,5881aaf5-037c-4728-9071-8b104e5413dc,2024-12-01,60,84,63,72,62,68.1,GOOD,43719.36,17,1,6013.3,0.93,0,,2024-12-01
fcd42a15-1f6d-43b6-99b9-d3da25623023,5881aaf5-037c-4728-9071-8b104e5413dc,2025-01-01,62,63,82,65,62,66.8,GOOD,33028.94,13,2,2649.02,0.82,0,,2025-01-01
8fe2d5c3-2b2d-472c-8699-8d2e604d8ff0,3ea93ee6-b253-4e80-95fc-b60b17ab090e,2024-05-01,80,60,73,82,63,72.5,GOOD,2426.34,26,3,11431.52,0.86,0,,2024-05-01
861a2f00-c000-4497-9290-77cbea8de89d,3ea93ee6-b253-4e80-95fc-b60b17ab090e,2024-05-01,72,75,68,73,82,73.5,GOOD,29709.42,15,9,2328.09,0.66,0,,2024-05-01
28190e4f-b389-4cb1-a0de-3d511304d87b,3ea93ee6-b253-4e80-95fc-b60b17ab090e,2024-06-01,85,66,63,73,85,74.4,GOOD,11642.83,20,4,11041.5,0.67,0,,2024-06-01
4a46e2d8-e872-4af2-ba2d-ccd6ae632f81,3ea93ee6-b253-4e80-95fc-b60b17ab090e,2024-07-01,67,71,71,74,69,70.3,GOOD,28810.15,18,6,7717.76,0.94,0,,2024-07-01
7bc44dd2-f5d9-4d18-b1fb-940db637b192,3ea93ee6-b253-4e80-95fc-b60b17ab090e,2024-08-01,75,62,75,74,63,70.4,GOOD,15988.44,14,5,8781.66,0.83,0,,2024-08-01
c2307cbc-cefe-4624-8003-5b80cce113cb,3ea93ee6-b253-4e80-95fc-b60b17ab090e,2024-09-01,68,67,64,64,82,68.3,GOOD,13089.68,13,10,7023.1,0.59,0,,2024-09-01
9b498d58-1a58-4245-a083-6b6fe6ad34a4,3ea93ee6-b253-4e80-95fc-b60b17ab090e,2024-10-01,77,80,63,70,77,73.4,GOOD,29765.23,14,1,9623.63,0.63,0,,2024-10-01
a1608dd7-2519-4d68-a831-56b4a3eacc43,3ea93ee6-b253-4e80-95fc-b60b17ab090e,2024-11-01,80,80,65,72,66,73.3,GOOD,12576.29,2,10,3946.35,0.61,0,,2024-11-01
c2941404-0836-4709-ab9d-1c58c389e4ad,3ea93ee6-b253-4e80-95fc-b60b17ab090e,2024-12-01,69,76,64,68,60,67.8,GOOD,5571.35,30,6,3888.91,0.73,0,,2024-12-01
b70efa6a-a8d3-4b24-9b2a-5ab0a930fb6d,3ea93ee6-b253-4e80-95fc-b60b17ab090e,2025-01-01,66,77,63,61,62,66.0,GOOD,32934.74,27,10,14680.05,0.65,0,,2025-01-01
1ceae4be-cc40-4204-b2fb-2b1015830b3d,766f55c6-bd8d-414d-b481-b315180fd94a,2024-05-01,48,75,46,53,65,56.6,AVERAGE,4925.17,22,3,6440.88,0.93,0,,2024-05-01
2ca7fbff-ccbc-483f-b090-e21a5125bc30,766f55c6-bd8d-414d-b481-b315180fd94a,2024-05-01,72,74,73,60,65,69.2,GOOD,43984.86,8,10,2785.09,0.59,0,,2024-05-01
f7ead4b3-4515-43dd-a298-a86bd1e34fa5,766f55c6-bd8d-414d-b481-b315180fd94a,2024-06-01,59,71,63,46,68,61.0,AVERAGE,5110.44,18,13,12085.23,0.7,0,,2024-06-01
4bb9d08a-5e60-4f1e-ae54-759e91dabf9f,766f55c6-bd8d-414d-b481-b315180fd94a,2024-07-01,69,51,37,64,50,55.2,AVERAGE,39646.74,10,4,3078.08,0.56,0,,2024-07-01
4b1c78b1-bd04-4066-97f5-a9bf0be30d14,766f55c6-bd8d-414d-b481-b315180fd94a,2024-08-01,70,57,75,63,48,63.7,AVERAGE,13807.51,20,13,14173.17,0.76,0,,2024-08-01
06f7bb52-bc20-4296-9c42-594dc4cffd80,766f55c6-bd8d-414d-b481-b315180fd94a,2024-09-01,62,64,56,70,73,64.5,AVERAGE,23687.63,3,6,11303.37,0.84,0,,2024-09-01
8ee9e87b-21ba-4ad9-b88c-f52b1f39615d,766f55c6-bd8d-414d-b481-b315180fd94a,2024-10-01,44,43,75,66,37,53.4,AVERAGE,31021.57,30,12,13130.4,0.7,0,,2024-10-01
893cabae-401d-4aba-ab47-137017ca7a08,766f55c6-bd8d-414d-b481-b315180fd94a,2024-11-01,64,45,37,38,55,48.2,AT_RISK,20750.65,18,13,8822.16,0.86,1,No orders in 30 days,2024-11-01
574f657d-b5e6-459c-a173-389e6ac7ea72,766f55c6-bd8d-414d-b481-b315180fd94a,2024-12-01,38,70,71,62,52,57.9,AVERAGE,11034.81,30,12,11777.74,0.65,0,,2024-12-01
1440d4a0-0daf-43e1-8b3c-df352ee3eff1,766f55c6-bd8d-414d-b481-b315180fd94a,2025-01-01,69,46,37,41,69,52.4,AVERAGE,23447.21,14,8,11048.63,0.62,0,,2025-01-01
949c1323-7d9c-44a2-a37c-90d69e3d9a9d,cbdda1a1-3a43-475c-a2f8-6dce82d99f2f,2024-05-01,71,52,51,39,39,52.0,AVERAGE,18511.94,21,1,14572.07,0.59,0,,2024-05-01
c81bbcd5-49aa-4f8c-b8c3-0d08ba26e34f,cbdda1a1-3a43-475c-a2f8-6dce82d99f2f,2024-05-01,66,38,63,47,59,55.0,AVERAGE,20006.08,2,7,10392.5,0.86,0,,2024-05-01
30f8e6b8-3d04-47ef-99da-7c2045ac90c8,cbdda1a1-3a43-475c-a2f8-6dce82d99f2f,2024-06-01,44,66,43,51,52,50.8,AVERAGE,22712.46,1,14,9367.32,0.93,0,,2024-06-01
ee1fc649-4553-47c6-bf3b-d027de41d70b,cbdda1a1-3a43-475c-a2f8-6dce82d99f2f,2024-07-01,62,65,51,58,35,55.6,AVERAGE,22675.46,14,3,5027.44,0.61,0,,2024-07-01
05b34c57-3666-4031-8655-be60dde8611e,cbdda1a1-3a43-475c-a2f8-6dce82d99f2f,2024-08-01,57,43,62,57,58,55.3,AVERAGE,16626.19,21,8,14293.57,0.92,0,,2024-08-01
bc8bb3f5-b419-4a40-be9e-dd5538800bc2,cbdda1a1-3a43-475c-a2f8-6dce82d99f2f,2024-09-01,61,67,42,42,45,52.2,AVERAGE,41909.41,27,1,2471.38,0.69,0,,2024-09-01
2dca49ca-6bef-4ded-953d-72ebe1dca705,cbdda1a1-3a43-475c-a2f8-6dce82d99f2f,2024-10-01,55,55,57,50,38,51.9,AVERAGE,37480.48,9,1,8268.23,0.84,0,,2024-10-01
66001408-dc6a-49f3-83a9-b3ecac8a988d,cbdda1a1-3a43-475c-a2f8-6dce82d99f2f,2024-11-01,47,75,73,48,68,61.2,AVERAGE,22932.01,29,11,7841.98,0.55,0,,2024-11-01
9fdd6b4d-f494-4c93-9632-bc0be9d43354,cbdda1a1-3a43-475c-a2f8-6dce82d99f2f,2024-12-01,58,73,48,49,57,57.0,AVERAGE,30960.7,27,3,5718.19,0.63,0,,2024-12-01
cd0b44ef-0e31-46e2-a17e-7ff24c583996,cbdda1a1-3a43-475c-a2f8-6dce82d99f2f,2025-01-01,54,51,70,43,50,53.8,AVERAGE,34414.24,18,10,2163.61,0.85,0,,2025-01-01
84b00d94-27ba-43eb-b139-206c85f97f45,aa142594-8770-46cb-bf05-77eb4736c7e4,2024-05-01,39,37,60,47,66,48.4,AT_RISK,47013.6,23,13,14394.35,0.77,1,Poor commitment fulfillment,2024-05-01
1c169da6-0aba-4b65-9d87-78bc84c2030c,aa142594-8770-46cb-bf05-77eb4736c7e4,2024-05-01,68,72,50,69,48,62.4,AVERAGE,29207.9,23,14,14085.23,0.69,0,,2024-05-01
0089019c-8291-4de6-8466-497102ac98be,aa142594-8770-46cb-bf05-77eb4736c7e4,2024-06-01,51,47,52,75,56,55.9,AVERAGE,47064.24,16,12,10971.16,0.6,0,,2024-06-01
016659ab-ea65-4c48-a910-d4ecbd3fe664,aa142594-8770-46cb-bf05-77eb4736c7e4,2024-07-01,70,53,38,48,67,55.4,AVERAGE,13143.26,2,14,6785.4,0.9,0,,2024-07-01
7ec9ec99-24bb-4e86-9fbd-cfeef2619d88,aa142594-8770-46cb-bf05-77eb4736c7e4,2024-08-01,64,35,51,74,40,54.0,AVERAGE,28369.81,26,2,9110.96,0.73,0,,2024-08-01
eaeddbed-14e9-413f-b809-e814643b408e,aa142594-8770-46cb-bf05-77eb4736c7e4,2024-09-01,43,49,47,55,41,47.1,AT_RISK,45825.54,2,10,7385.89,0.61,1,Poor commitment fulfillment,2024-09-01
086e4af5-a85b-4afe-a446-a7893ef770c2,aa142594-8770-46cb-bf05-77eb4736c7e4,2024-10-01,50,54,52,36,58,49.6,AT_RISK,38018.9,24,12,10689.17,0.93,1,Poor commitment fulfillment,2024-10-01
168e514c-ebdd-427d-bae6-076bed9ddeca,aa142594-8770-46cb-bf05-77eb4736c7e4,2024-11-01,70,74,69,50,50,63.6,AVERAGE,48345.28,7,8,10833.84,0.74,0,,2024-11-01
55896142-b3b9-43e2-a270-e452186c68ed,aa142594-8770-46cb-bf05-77eb4736c7e4,2024-12-01,49,55,68,38,55,52.7,AVERAGE,41632.56,18,3,9962.91,0.88,0,,2024-12-01
d47b8e1a-599a-448a-9f03-1a20e4e7f18c,aa142594-8770-46cb-bf05-77eb4736c7e4,2025-01-01,72,68,73,56,71,68.1,GOOD,37390.97,3,5,14403.74,0.76,0,,2025-01-01
2475cf48-c63d-4dbb-8c81-cb11f0382db1,a1165b38-7316-4cb3-85a9-b3308a230b7c,2024-05-01,55,74,56,39,57,56.1,AVERAGE,17110.33,16,5,7243.78,0.6,0,,2024-05-01
dfcde883-1962-4985-b2c7-77d108bab272,a1165b38-7316-4cb3-85a9-b3308a230b7c,2024-05-01,46,64,47,38,37,46.9,AT_RISK,11983.16,10,8,2496.02,0.87,1,Declining order value,2024-05-01
e02a8bd4-249d-49fa-a996-7fd75edd3f38,a1165b38-7316-4cb3-85a9-b3308a230b7c,2024-06-01,65,38,53,43,68,53.2,AVERAGE,45649.23,2,5,14049.72,0.77,0,,2024-06-01
e6d66c95-2b65-4e7d-8b54-b3892a234fd3,a1165b38-7316-4cb3-85a9-b3308a230b7c,2024-07-01,74,41,73,44,74,61.2,AVERAGE,14576.17,21,5,7757.91,0.64,0,,2024-07-01
f7b63cd9-a071-46d3-8607-5a37ff178fc1,a1165b38-7316-4cb3-85a9-b3308a230b7c,2024-08-01,75,64,66,73,71,70.0,GOOD,44145.7,17,1,14087.21,0.86,0,,2024-08-01
9e277ad5-ba68-4579-b1f0-b42f52b23b24,a1165b38-7316-4cb3-85a9-b3308a230b7c,2024-09-01,37,42,50,35,47,41.7,AT_RISK,21492.29,1,5,9697.59,0.78,1,Declining order value,2024-09-01
a9daae85-c34d-44d6-be7d-624864d921a6,a1165b38-7316-4cb3-85a9-b3308a230b7c,2024-10-01,41,66,73,71,64,61.9,AVERAGE,1067.26,11,8,9534.4,0.89,0,,2024-10-01
d85773bb-4ac7-493c-8c73-1a71ef401148,a1165b38-7316-4cb3-85a9-b3308a230b7c,2024-11-01,63,48,41,36,67,50.8,AVERAGE,2609.96,6,8,11666.0,0.94,0,,2024-11-01
63f068df-62de-46e0-96af-d677eea4edf6,a1165b38-7316-4cb3-85a9-b3308a230b7c,2024-12-01,62,45,46,55,58,53.4,AVERAGE,24308.3,10,2,14991.91,0.55,0,,2024-12-01
8c23969b-9abe-4dd5-922e-d3c87512a68c,a1165b38-7316-4cb3-85a9-b3308a230b7c,2025-01-01,44,43,43,39,42,42.3,AT_RISK,41234.21,17,9,7545.36,0.81,1,No orders in 30 days,2025-01-01
e25fab85-6299-4839-a9d9-7370fa39fdb6,2cb90ac4-4648-4431-9037-ad47b22ad864,2024-05-01,39,70,60,62,36,53.5,AVERAGE,44032.3,1,10,12332.0,0.58,0,,2024-05-01
6e9f5c63-f04b-4e37-ad75-661db229cb1f,2cb90ac4-4648-4431-9037-ad47b22ad864,2024-05-01,72,55,66,45,51,58.9,AVERAGE,4436.11,14,9,6427.74,0.75,0,,2024-05-01
aec8ac02-d7cf-4f4c-a25d-12a0387a28dc,2cb90ac4-4648-4431-9037-ad47b22ad864,2024-06-01,75,51,57,48,59,58.8,AVERAGE,28327.75,17,11,2962.46,0.57,0,,2024-06-01
33424720-727e-4e1e-abb8-6bcd1a94af2e,2cb90ac4-4648-4431-9037-ad47b22ad864,2024-07-01,57,47,54,35,58,50.2,AVERAGE,11099.8,16,14,5716.72,0.62,0,,2024-07-01
f4027427-f8ea-48a0-ab68-7dc2f3cf0eca,2cb90ac4-4648-4431-9037-ad47b22ad864,2024-08-01,75,48,37,69,39,55.4,AVERAGE,38445.53,16,12,10088.57,0.91,0,,2024-08-01
53998721-1093-4ae3-a8a9-1ec9ec007a29,2cb90ac4-4648-4431-9037-ad47b22ad864,2024-09-01,49,52,57,60,57,54.6,AVERAGE,3576.23,8,10,10661.91,0.89,0,,2024-09-01
e4b52f1d-7273-49f6-a44b-de86837e17e4,2cb90ac4-4648-4431-9037-ad47b22ad864,2024-10-01,45,59,64,54,55,54.9,AVERAGE,42279.53,24,4,9992.99,0.6,0,,2024-10-01
aee0e40c-816a-45f7-9331-0c5baf895e88,2cb90ac4-4648-4431-9037-ad47b22ad864,2024-11-01,71,72,71,40,63,63.8,AVERAGE,43559.7,27,1,10493.32,0.91,0,,2024-11-01
c21ae381-39b0-4611-b01d-831fd6d09a3a,2cb90ac4-4648-4431-9037-ad47b22ad864,2024-12-01,65,41,55,46,43,51.1,AVERAGE,22628.51,16,14,13165.76,0.61,0,,2024-12-01
a9fa8151-0d7f-4ded-828d-e26821f0eb61,2cb90ac4-4648-4431-9037-ad47b22ad864,2025-01-01,43,61,47,68,62,55.2,AVERAGE,5582.38,15,2,6944.06,0.58,0,,2025-01-01
a27d00da-8b8d-46f7-b5cb-a84df1a939cd,7114cd1c-d765-471a-bbf0-5660d28756dc,2024-05-01,70,47,56,68,41,57.9,AVERAGE,39323.94,17,2,2379.25,0.69,0,,2024-05-01
ff8f2017-c65f-4942-a7d3-83a00175f619,7114cd1c-d765-471a-bbf0-5660d28756dc,2024-05-01,54,55,35,47,55,49.1,AT_RISK,46984.96,18,4,6763.64,0.62,1,Declining order value,2024-05-01
cf5ee734-c596-4ccb-b2ac-e31e8df6956e,7114cd1c-d765-471a-bbf0-5660d28756dc,2024-06-01,42,47,75,56,65,55.9,AVERAGE,30914.48,13,2,6029.27,0.65,0,,2024-06-01
6c1fc644-a1b6-4ca0-b5ec-2f5b3aa20770,7114cd1c-d765-471a-bbf0-5660d28756dc,2024-07-01,36,38,56,64,72,51.4,AVERAGE,28449.65,20,9,5937.31,0.58,0,,2024-07-01
73404aea-db44-4b96-a534-f367f891aa83,7114cd1c-d765-471a-bbf0-5660d28756dc,2024-08-01,56,45,45,66,74,56.3,AVERAGE,4215.4,1,11,8061.72,0.72,0,,2024-08-01
cee0df6c-dcf2-49c5-8250-ec1f8b179637,7114cd1c-d765-471a-bbf0-5660d28756dc,2024-09-01,56,37,60,58,50,52.5,AVERAGE,485.16,21,14,2088.0,0.72,0,,2024-09-01
44d4d017-a079-4213-be86-340501d1574e,7114cd1c-d765-471a-bbf0-5660d28756dc,2024-10-01,60,57,45,47,45,51.5,AVERAGE,2522.56,5,14,2288.1,0.67,0,,2024-10-01
5cbb19b1-1522-41ea-8c96-71b59cdc9c5b,7114cd1c-d765-471a-bbf0-5660d28756dc,2024-11-01,44,52,64,35,51,48.9,AT_RISK,26097.07,10,9,14761.79,0.57,1,No orders in 30 days,2024-11-01
919c607f-11aa-439c-8173-4ed4adcab265,7114cd1c-d765-471a-bbf0-5660d28756dc,2024-12-01,39,47,60,65,43,50.6,AVERAGE,14785.15,1,9,10000.09,0.61,0,,2024-12-01
80d35a5d-b4da-46a8-96da-2cfd76bfaf02,7114cd1c-d765-471a-bbf0-5660d28756dc,2025-01-01,38,36,68,55,70,51.8,AVERAGE,33985.6,29,8,6199.55,0.58,0,,2025-01-01
