route_id,route_date,vehicle_id,total_capacity,utilized_capacity,status,planned_start_time,actual_start_time,planned_end_time,actual_end_time,total_distance_km,total_stops,created_at,updated_at
23103c24-241a-4f6a-89ba-6e552052169c,2024-03-01,d6f804d6-de2a-4abc-a548-3b2120173655,250,205,COMPLETED,08:00:00,09:20:00,14:00:00,16:39:00,27.8,9,2024-02-29,2024-03-01
75d52dd7-3d92-49fe-83a3-09663b823c5e,2024-03-04,d613750f-7244-4422-a084-da603cde7145,500,288,COMPLETED,07:00:00,06:52:00,15:00:00,15:47:00,24.4,5,2024-03-03,2024-03-04
b7bb0030-0257-4f65-88e2-b21eab671949,2024-03-06,d613750f-7244-4422-a084-da603cde7145,500,408,COMPLETED,07:00:00,08:34:00,17:00:00,16:36:00,59.6,10,2024-03-05,2024-03-06
e45992c8-cdb2-46af-96c4-526d46e13859,2024-03-07,d613750f-7244-4422-a084-da603cde7145,500,388,COMPLETED,07:00:00,07:33:00,14:00:00,17:37:00,56.3,5,2024-03-06,2024-03-07
a71e41a4-9982-486b-a0c8-df49c68fe10e,2024-03-08,d6f804d6-de2a-4abc-a548-3b2120173655,250,146,COMPLETED,07:00:00,07:11:00,14:00:00,15:27:00,38.4,10,2024-03-07,2024-03-08
bbf8d5db-ecc4-4b16-8591-12e8b3f9167c,2024-03-09,d613750f-7244-4422-a084-da603cde7145,500,431,COMPLETED,07:00:00,07:37:00,14:00:00,17:48:00,41.8,6,2024-03-08,2024-03-09
04fac937-d334-4c6b-99d6-141afd9bfb54,2024-03-11,d6f804d6-de2a-4abc-a548-3b2120173655,250,189,COMPLETED,08:00:00,08:17:00,16:00:00,18:04:00,41.8,4,2024-03-10,2024-03-11
7b0574c9-5403-4473-a2bb-9c5fbc6a435e,2024-03-12,d613750f-7244-4422-a084-da603cde7145,500,318,COMPLETED,08:00:00,07:20:00,16:00:00,16:14:00,49.5,4,2024-03-11,2024-03-12
be6255f3-06af-4916-9ffd-b86a2fb88fae,2024-03-15,d613750f-7244-4422-a084-da603cde7145,500,317,COMPLETED,07:00:00,06:08:00,15:00:00,15:59:00,27.2,10,2024-03-14,2024-03-15
295cf0d1-f1e0-4da0-ae10-50154c771088,2024-03-19,d6f804d6-de2a-4abc-a548-3b2120173655,250,209,COMPLETED,07:00:00,06:04:00,14:00:00,14:14:00,22.7,6,2024-03-18,2024-03-19
1ea8dc26-1fc3-420d-8de0-c827fcca396a,2024-03-20,d613750f-7244-4422-a084-da603cde7145,500,358,COMPLETED,08:00:00,08:50:00,18:00:00,17:08:00,37.6,7,2024-03-19,2024-03-20
ed336375-ef1a-4869-a6cc-e5a216e4ea72,2024-03-21,d6f804d6-de2a-4abc-a548-3b2120173655,250,165,COMPLETED,08:00:00,08:58:00,16:00:00,17:18:00,50.1,10,2024-03-20,2024-03-21
4871ad60-5ba5-4680-bcd9-e33515f3ea26,2024-03-22,d613750f-7244-4422-a084-da603cde7145,500,301,COMPLETED,08:00:00,09:38:00,18:00:00,18:06:00,47.8,7,2024-03-21,2024-03-22
99419cb6-2e62-4407-ac77-bd167cb7a16b,2024-03-25,d613750f-7244-4422-a084-da603cde7145,500,372,COMPLETED,08:00:00,08:48:00,15:00:00,17:49:00,33.0,4,2024-03-24,2024-03-25
9c2f8920-a07f-4ed2-a109-2ebd68074f0e,2024-03-27,d613750f-7244-4422-a084-da603cde7145,500,267,COMPLETED,07:00:00,07:54:00,17:00:00,17:15:00,59.7,4,2024-03-26,2024-03-27
02fb9c52-3c97-4fb5-bced-3a03f495bada,2024-03-28,d613750f-7244-4422-a084-da603cde7145,500,396,COMPLETED,08:00:00,07:37:00,18:00:00,16:43:00,21.9,9,2024-03-27,2024-03-28
4b4db9b5-5fa8-4ebd-a214-9a5e3fc55366,2024-03-30,d613750f-7244-4422-a084-da603cde7145,500,396,COMPLETED,07:00:00,06:39:00,15:00:00,13:30:00,30.3,10,2024-03-29,2024-03-30
1c1d1ea7-fb80-4379-ab95-75ca10540a23,2024-04-01,d6f804d6-de2a-4abc-a548-3b2120173655,250,151,COMPLETED,08:00:00,08:58:00,17:00:00,15:28:00,56.5,8,2024-03-31,2024-04-01
ad219169-f0fe-42bf-b54e-ac1affb70f76,2024-04-04,d6f804d6-de2a-4abc-a548-3b2120173655,250,206,COMPLETED,08:00:00,07:29:00,16:00:00,13:26:00,42.3,7,2024-04-03,2024-04-04
fa9fdba1-647e-4c19-8f82-176768b3712e,2024-04-05,d6f804d6-de2a-4abc-a548-3b2120173655,250,137,COMPLETED,08:00:00,07:13:00,17:00:00,16:38:00,54.7,8,2024-04-04,2024-04-05
ccc2d2fb-b944-4d45-9749-debb2774b992,2024-04-06,d6f804d6-de2a-4abc-a548-3b2120173655,250,133,COMPLETED,08:00:00,09:38:00,15:00:00,15:34:00,40.7,7,2024-04-05,2024-04-06
c8e3dc83-d1e0-4768-b065-717d5a831807,2024-04-09,d613750f-7244-4422-a084-da603cde7145,500,285,CANCELLED,07:00:00,,14:00:00,,28.7,7,2024-04-08,2024-04-08
fb6d8e42-69f1-4d40-9feb-d1d199e436ca,2024-04-13,d6f804d6-de2a-4abc-a548-3b2120173655,250,172,COMPLETED,08:00:00,07:10:00,16:00:00,13:38:00,27.7,5,2024-04-12,2024-04-13
f82f7b9e-b14f-4ab9-a089-d98d7941a464,2024-04-15,d6f804d6-de2a-4abc-a548-3b2120173655,250,154,COMPLETED,07:00:00,08:11:00,18:00:00,16:01:00,55.8,9,2024-04-14,2024-04-15
039cb332-b125-4a1e-bc90-f949bf164c4e,2024-04-17,d613750f-7244-4422-a084-da603cde7145,500,261,COMPLETED,07:00:00,06:36:00,14:00:00,16:10:00,50.5,8,2024-04-16,2024-04-17
71dd6d1b-820e-4787-94ae-717481c6492d,2024-04-18,d6f804d6-de2a-4abc-a548-3b2120173655,250,173,COMPLETED,08:00:00,08:58:00,17:00:00,18:13:00,27.7,4,2024-04-17,2024-04-18
86218756-4301-47e0-8251-6c7c6a1a05ac,2024-04-19,d613750f-7244-4422-a084-da603cde7145,500,369,COMPLETED,07:00:00,07:22:00,14:00:00,14:31:00,55.5,7,2024-04-18,2024-04-19
bf9de96d-3062-4c12-ba93-ce5acfa68dba,2024-04-23,d613750f-7244-4422-a084-da603cde7145,500,310,COMPLETED,08:00:00,08:36:00,18:00:00,14:35:00,52.5,6,2024-04-22,2024-04-23
9b288f2d-30d5-4981-8427-de2da5df253a,2024-04-24,d613750f-7244-4422-a084-da603cde7145,500,250,COMPLETED,08:00:00,09:47:00,17:00:00,17:15:00,40.5,10,2024-04-23,2024-04-24
96c3923e-908e-4bcf-b71c-14840e518131,2024-04-25,d6f804d6-de2a-4abc-a548-3b2120173655,250,128,COMPLETED,08:00:00,09:22:00,18:00:00,16:44:00,22.2,6,2024-04-24,2024-04-25
64f3fc06-720f-4603-94a1-43ed4287faa8,2024-04-27,d6f804d6-de2a-4abc-a548-3b2120173655,250,161,COMPLETED,08:00:00,09:52:00,18:00:00,19:30:00,25.6,5,2024-04-26,2024-04-27
c2784cd5-0470-4fcb-87bb-165872aa1bab,2024-04-30,d6f804d6-de2a-4abc-a548-3b2120173655,250,129,COMPLETED,08:00:00,09:15:00,14:00:00,16:56:00,27.4,10,2024-04-29,2024-04-30
5442449d-60ce-4903-b1aa-f574e4febe47,2024-05-01,d6f804d6-de2a-4abc-a548-3b2120173655,250,151,COMPLETED,08:00:00,08:40:00,14:00:00,15:43:00,38.1,4,2024-04-30,2024-05-01
5b24f66a-5657-4e96-a441-41a9c1301c53,2024-05-02,d613750f-7244-4422-a084-da603cde7145,500,316,COMPLETED,08:00:00,08:09:00,15:00:00,18:24:00,46.7,7,2024-05-01,2024-05-02
9864108e-be36-405c-b431-c946f55338a3,2024-05-03,d613750f-7244-4422-a084-da603cde7145,500,441,COMPLETED,07:00:00,07:12:00,18:00:00,13:25:00,27.2,7,2024-05-02,2024-05-03
85e04f4a-3e57-40d2-91a1-47b2ba0a9af3,2024-05-06,d6f804d6-de2a-4abc-a548-3b2120173655,250,126,COMPLETED,07:00:00,07:13:00,17:00:00,14:10:00,58.5,8,2024-05-05,2024-05-06
9cc9efd5-acd8-4453-80a2-1b90436a1c5f,2024-05-07,d6f804d6-de2a-4abc-a548-3b2120173655,250,152,COMPLETED,08:00:00,07:18:00,16:00:00,15:16:00,47.2,4,2024-05-06,2024-05-07
896fab95-2183-40d2-8c6c-0691a49e0d77,2024-05-08,d613750f-7244-4422-a084-da603cde7145,500,432,COMPLETED,08:00:00,08:01:00,16:00:00,18:17:00,32.0,8,2024-05-07,2024-05-08
2d6b3ae1-2b03-46de-9725-347c18f06f9e,2024-05-10,d613750f-7244-4422-a084-da603cde7145,500,411,COMPLETED,08:00:00,09:25:00,14:00:00,16:08:00,43.7,10,2024-05-09,2024-05-10
0ff4a559-4479-400b-aef1-a9f8a27792d5,2024-05-14,d6f804d6-de2a-4abc-a548-3b2120173655,250,202,COMPLETED,08:00:00,07:26:00,18:00:00,14:59:00,49.4,8,2024-05-13,2024-05-14
d084aa90-d542-496f-b47c-85b07de9515d,2024-05-15,d6f804d6-de2a-4abc-a548-3b2120173655,250,164,COMPLETED,07:00:00,08:50:00,16:00:00,15:21:00,47.9,9,2024-05-14,2024-05-15
57fa7498-cd59-45c2-9871-4406c7ad65c6,2024-05-16,d613750f-7244-4422-a084-da603cde7145,500,266,COMPLETED,07:00:00,06:34:00,16:00:00,14:25:00,57.0,5,2024-05-15,2024-05-16
7a15783e-e01f-4358-a010-810699e916ba,2024-05-17,d6f804d6-de2a-4abc-a548-3b2120173655,250,169,COMPLETED,08:00:00,07:49:00,15:00:00,16:21:00,41.1,4,2024-05-16,2024-05-17
276b7f26-95de-4adb-b9ab-af77975960f1,2024-05-20,d6f804d6-de2a-4abc-a548-3b2120173655,250,224,COMPLETED,08:00:00,07:56:00,17:00:00,17:38:00,39.1,9,2024-05-19,2024-05-20
9ab931dd-c0ef-4370-a8f5-c1919590bc4b,2024-05-21,d613750f-7244-4422-a084-da603cde7145,500,335,COMPLETED,07:00:00,08:25:00,16:00:00,14:06:00,42.0,8,2024-05-20,2024-05-21
ed36957f-f368-4596-b84f-a34353fff68b,2024-05-23,d6f804d6-de2a-4abc-a548-3b2120173655,250,153,COMPLETED,08:00:00,07:50:00,15:00:00,13:30:00,38.1,9,2024-05-22,2024-05-23
11b88d31-cd08-41db-8ce5-3855dd424f6d,2024-05-24,d6f804d6-de2a-4abc-a548-3b2120173655,250,154,COMPLETED,08:00:00,09:29:00,14:00:00,18:02:00,50.8,8,2024-05-23,2024-05-24
ac02f25d-9dba-49ea-9cf7-a532d3125dcc,2024-05-28,d613750f-7244-4422-a084-da603cde7145,500,312,COMPLETED,08:00:00,08:48:00,15:00:00,15:54:00,48.2,7,2024-05-27,2024-05-28
7a1a4726-8dd5-4442-bf47-4b10315d16dc,2024-05-29,d613750f-7244-4422-a084-da603cde7145,500,395,COMPLETED,08:00:00,07:30:00,17:00:00,13:58:00,57.2,4,2024-05-28,2024-05-29
72aed51f-e8ec-4e53-9e69-242b32925a7c,2024-05-30,d6f804d6-de2a-4abc-a548-3b2120173655,250,141,COMPLETED,07:00:00,08:03:00,16:00:00,15:28:00,43.5,10,2024-05-29,2024-05-30
7898d02c-7f35-4600-baed-27613a06ac22,2024-05-31,d6f804d6-de2a-4abc-a548-3b2120173655,250,150,COMPLETED,07:00:00,07:46:00,16:00:00,16:02:00,59.0,7,2024-05-30,2024-05-31
55532f43-80be-4a38-82f1-da87cb06941f,2024-06-01,d6f804d6-de2a-4abc-a548-3b2120173655,250,181,COMPLETED,07:00:00,06:31:00,16:00:00,14:44:00,41.5,10,2024-05-31,2024-06-01
7851fca6-63d9-44b7-a3e5-5374b10bd64e,2024-06-03,d613750f-7244-4422-a084-da603cde7145,500,395,COMPLETED,07:00:00,07:37:00,15:00:00,14:22:00,31.4,10,2024-06-02,2024-06-03
7273bec5-ab00-4fc3-a503-000781e4d78e,2024-06-04,d613750f-7244-4422-a084-da603cde7145,500,350,COMPLETED,07:00:00,08:00:00,17:00:00,17:27:00,28.3,6,2024-06-03,2024-06-04
e53205b1-72fe-4324-92db-4f0d5bef36b4,2024-06-05,d6f804d6-de2a-4abc-a548-3b2120173655,250,216,COMPLETED,07:00:00,08:01:00,14:00:00,15:54:00,57.3,8,2024-06-04,2024-06-05
21110057-1d84-4728-9b47-9f60660376e1,2024-06-06,d613750f-7244-4422-a084-da603cde7145,500,291,COMPLETED,08:00:00,08:26:00,14:00:00,17:35:00,40.3,4,2024-06-05,2024-06-06
b6d1bc93-fa1a-4c02-835b-6df14da981b8,2024-06-07,d6f804d6-de2a-4abc-a548-3b2120173655,250,204,COMPLETED,07:00:00,07:09:00,17:00:00,16:49:00,33.8,7,2024-06-06,2024-06-07
1bdcad2f-01cd-4d39-98d9-20951da970d5,2024-06-08,d6f804d6-de2a-4abc-a548-3b2120173655,250,218,COMPLETED,07:00:00,06:09:00,15:00:00,16:07:00,58.3,6,2024-06-07,2024-06-08
47d1ec35-447b-4f21-95ac-1fb80866d27a,2024-06-10,d6f804d6-de2a-4abc-a548-3b2120173655,250,157,COMPLETED,07:00:00,07:04:00,18:00:00,16:55:00,49.8,7,2024-06-09,2024-06-10
0e9e03e4-5614-4021-bc75-ffd3d9b2dfa8,2024-06-12,d6f804d6-de2a-4abc-a548-3b2120173655,250,138,COMPLETED,07:00:00,06:33:00,14:00:00,12:52:00,21.9,9,2024-06-11,2024-06-12
792a4f06-90f5-4492-9e5c-47134182b5f1,2024-06-15,d6f804d6-de2a-4abc-a548-3b2120173655,250,171,COMPLETED,08:00:00,08:25:00,14:00:00,18:14:00,59.6,6,2024-06-14,2024-06-15
be8affa3-7ddc-4995-b631-08afa896e357,2024-06-18,d613750f-7244-4422-a084-da603cde7145,500,347,COMPLETED,08:00:00,09:48:00,15:00:00,15:59:00,58.4,5,2024-06-17,2024-06-18
b4d5ae72-d916-41e1-b08a-c8dc869b1a36,2024-06-19,d6f804d6-de2a-4abc-a548-3b2120173655,250,210,COMPLETED,08:00:00,08:11:00,14:00:00,17:18:00,45.5,4,2024-06-18,2024-06-19
17132453-1330-49c5-98f0-c1728404ba30,2024-06-22,d6f804d6-de2a-4abc-a548-3b2120173655,250,135,COMPLETED,08:00:00,09:46:00,17:00:00,18:33:00,43.1,9,2024-06-21,2024-06-22
59ab1648-51d7-45b7-909c-3cf6f9f43572,2024-06-24,d613750f-7244-4422-a084-da603cde7145,500,371,COMPLETED,07:00:00,08:08:00,17:00:00,18:25:00,26.4,4,2024-06-23,2024-06-24
9ed2600d-a19c-42f1-b5b8-a074123725f8,2024-06-25,d6f804d6-de2a-4abc-a548-3b2120173655,250,146,COMPLETED,08:00:00,09:42:00,14:00:00,15:09:00,46.3,4,2024-06-24,2024-06-25
6f4dbc33-4c1a-46d7-a252-a0a91f6d6312,2024-06-27,d613750f-7244-4422-a084-da603cde7145,500,302,COMPLETED,08:00:00,07:20:00,15:00:00,15:36:00,29.5,6,2024-06-26,2024-06-27
a9a944d9-d3e3-4a7b-9662-6c1699119cd2,2024-06-28,d6f804d6-de2a-4abc-a548-3b2120173655,250,161,COMPLETED,08:00:00,07:21:00,18:00:00,15:16:00,47.1,6,2024-06-27,2024-06-28
173c48f0-746a-40b1-8a67-1f106f5f3525,2024-06-29,d613750f-7244-4422-a084-da603cde7145,500,301,COMPLETED,07:00:00,06:08:00,14:00:00,13:32:00,46.6,8,2024-06-28,2024-06-29
178fe032-67a8-4df8-b4ed-cb8c3a22b97c,2024-07-01,d6f804d6-de2a-4abc-a548-3b2120173655,250,132,COMPLETED,08:00:00,07:54:00,16:00:00,14:04:00,58.2,5,2024-06-30,2024-07-01
b873358f-8d05-4352-8c7a-ae414f56b3a1,2024-07-02,d613750f-7244-4422-a084-da603cde7145,500,256,COMPLETED,08:00:00,09:30:00,16:00:00,16:05:00,55.9,4,2024-07-01,2024-07-02
b1ab2cf2-9c20-42d9-a40e-7b1fa0ce01cd,2024-07-03,d6f804d6-de2a-4abc-a548-3b2120173655,250,156,COMPLETED,08:00:00,09:27:00,18:00:00,18:52:00,27.3,5,2024-07-02,2024-07-03
388ae60f-73df-497c-bb98-43559fa29dbe,2024-07-04,d6f804d6-de2a-4abc-a548-3b2120173655,250,205,COMPLETED,07:00:00,07:05:00,14:00:00,15:55:00,39.9,7,2024-07-03,2024-07-04
59b336da-742a-45d4-89f5-57ec06f9bb1e,2024-07-05,d613750f-7244-4422-a084-da603cde7145,500,374,COMPLETED,08:00:00,09:53:00,14:00:00,18:00:00,35.2,10,2024-07-04,2024-07-05
fe33fbee-fba7-488c-a7ca-78bcdf361181,2024-07-08,d613750f-7244-4422-a084-da603cde7145,500,392,COMPLETED,07:00:00,08:40:00,18:00:00,16:05:00,55.1,7,2024-07-07,2024-07-08
b07bce70-0f9b-4f58-b956-991337cfc9c8,2024-07-09,d613750f-7244-4422-a084-da603cde7145,500,310,COMPLETED,07:00:00,07:33:00,15:00:00,13:43:00,35.6,7,2024-07-08,2024-07-09
54a426c6-5a1b-4f92-a483-a1efe4f25f1b,2024-07-10,d613750f-7244-4422-a084-da603cde7145,500,425,COMPLETED,07:00:00,08:10:00,17:00:00,16:13:00,29.4,8,2024-07-09,2024-07-10
0f4ac11e-be16-44d3-85f0-a4f7330b8368,2024-07-12,d613750f-7244-4422-a084-da603cde7145,500,423,COMPLETED,08:00:00,07:19:00,18:00:00,14:29:00,56.1,5,2024-07-11,2024-07-12
35149f4e-5347-4470-b725-19223ea03202,2024-07-15,d613750f-7244-4422-a084-da603cde7145,500,421,COMPLETED,08:00:00,08:27:00,17:00:00,16:59:00,58.0,10,2024-07-14,2024-07-15
56ec0c31-95a7-4722-9f76-c005207870fe,2024-07-16,d613750f-7244-4422-a084-da603cde7145,500,408,CANCELLED,08:00:00,,14:00:00,,47.8,6,2024-07-15,2024-07-15
55cca9b7-5d06-40d6-8bd2-1ae6d75e1576,2024-07-17,d6f804d6-de2a-4abc-a548-3b2120173655,250,135,COMPLETED,07:00:00,08:59:00,14:00:00,16:48:00,28.7,6,2024-07-16,2024-07-17
c252d694-4936-4626-a420-a913f373ece1,2024-07-18,d613750f-7244-4422-a084-da603cde7145,500,366,COMPLETED,07:00:00,07:02:00,18:00:00,16:44:00,22.2,4,2024-07-17,2024-07-18
77d5e24b-161f-43f5-a6fd-3fe9b2076f5b,2024-07-19,d6f804d6-de2a-4abc-a548-3b2120173655,250,212,COMPLETED,08:00:00,09:33:00,17:00:00,17:20:00,46.8,8,2024-07-18,2024-07-19
e7fb852f-6da4-44e7-9433-f04320425225,2024-07-20,d6f804d6-de2a-4abc-a548-3b2120173655,250,143,COMPLETED,08:00:00,09:22:00,17:00:00,17:23:00,37.4,9,2024-07-19,2024-07-20
6b3cbd82-9157-4743-a634-13fe732e0dc9,2024-07-23,d613750f-7244-4422-a084-da603cde7145,500,366,COMPLETED,08:00:00,07:05:00,18:00:00,14:09:00,34.4,10,2024-07-22,2024-07-23
e8de368f-3256-40a3-bb3d-7cd8980b262c,2024-07-26,d6f804d6-de2a-4abc-a548-3b2120173655,250,138,COMPLETED,07:00:00,06:27:00,17:00:00,12:39:00,27.0,6,2024-07-25,2024-07-26
23994e35-0749-4843-8c5e-e6a0697187d4,2024-07-27,d613750f-7244-4422-a084-da603cde7145,500,445,COMPLETED,08:00:00,07:44:00,16:00:00,14:47:00,49.2,4,2024-07-26,2024-07-27
30af0c34-85af-4795-bf2f-233ea72da2ed,2024-07-31,d6f804d6-de2a-4abc-a548-3b2120173655,250,169,COMPLETED,07:00:00,07:03:00,16:00:00,17:15:00,35.3,8,2024-07-30,2024-07-31
8fae3e9b-1123-4dda-8885-59d3d26b30cf,2024-08-02,d613750f-7244-4422-a084-da603cde7145,500,448,COMPLETED,08:00:00,09:22:00,15:00:00,16:46:00,28.0,7,2024-08-01,2024-08-02
b2f9bebc-a4a3-4809-94e7-71341b5db0e5,2024-08-03,d6f804d6-de2a-4abc-a548-3b2120173655,250,223,COMPLETED,07:00:00,06:55:00,17:00:00,14:34:00,40.4,6,2024-08-02,2024-08-03
db817693-9569-4320-adef-ccc26d1be753,2024-08-05,d6f804d6-de2a-4abc-a548-3b2120173655,250,224,COMPLETED,08:00:00,09:37:00,14:00:00,17:43:00,55.2,9,2024-08-04,2024-08-05
f7c0487a-ae1f-420e-bd8d-ab7517c8a38e,2024-08-06,d613750f-7244-4422-a084-da603cde7145,500,377,COMPLETED,08:00:00,09:59:00,16:00:00,19:59:00,56.8,4,2024-08-05,2024-08-06
f0f3ba4e-a663-494d-96b8-beb996a6bf31,2024-08-10,d613750f-7244-4422-a084-da603cde7145,500,438,COMPLETED,07:00:00,07:34:00,17:00:00,16:07:00,20.8,8,2024-08-09,2024-08-10
f47f09f0-c125-455c-8030-fda1b88d9590,2024-08-12,d6f804d6-de2a-4abc-a548-3b2120173655,250,164,COMPLETED,08:00:00,08:23:00,14:00:00,14:31:00,52.3,6,2024-08-11,2024-08-12
419a38f3-b86b-45aa-af26-9368a398ebf9,2024-08-13,d613750f-7244-4422-a084-da603cde7145,500,362,COMPLETED,08:00:00,07:05:00,16:00:00,17:33:00,21.1,8,2024-08-12,2024-08-13
1c051e5a-cc8e-48b1-a5b0-99432c502faa,2024-08-14,d6f804d6-de2a-4abc-a548-3b2120173655,250,208,COMPLETED,07:00:00,06:46:00,15:00:00,15:32:00,45.7,5,2024-08-13,2024-08-14
c905d128-31fb-433a-bc50-88512675e663,2024-08-15,d6f804d6-de2a-4abc-a548-3b2120173655,250,141,COMPLETED,07:00:00,06:24:00,14:00:00,14:40:00,51.1,4,2024-08-14,2024-08-15
e0e6179e-bc3b-4d02-88ff-7db80d42e59c,2024-08-16,d6f804d6-de2a-4abc-a548-3b2120173655,250,166,COMPLETED,08:00:00,07:21:00,15:00:00,16:56:00,51.5,8,2024-08-15,2024-08-16
e268425c-77a5-4484-ba10-97d2ea394c92,2024-08-20,d6f804d6-de2a-4abc-a548-3b2120173655,250,196,COMPLETED,07:00:00,08:08:00,15:00:00,15:31:00,24.2,9,2024-08-19,2024-08-20
9ddb5aba-8a10-4c10-ad85-1f2f616e2a1b,2024-08-24,d6f804d6-de2a-4abc-a548-3b2120173655,250,161,COMPLETED,07:00:00,06:15:00,14:00:00,13:55:00,40.3,6,2024-08-23,2024-08-24
9cdfe13f-0ae6-44f1-a6ce-265dff2cdb89,2024-08-26,d613750f-7244-4422-a084-da603cde7145,500,314,COMPLETED,07:00:00,06:28:00,15:00:00,12:47:00,45.8,4,2024-08-25,2024-08-26
31119761-c33b-433e-b833-1a164744ce2a,2024-08-27,d6f804d6-de2a-4abc-a548-3b2120173655,250,145,COMPLETED,07:00:00,08:44:00,17:00:00,17:55:00,46.1,4,2024-08-26,2024-08-27
dbe2de67-24a5-44d8-89fb-402ae37a80b1,2024-08-28,d6f804d6-de2a-4abc-a548-3b2120173655,250,178,COMPLETED,08:00:00,07:43:00,16:00:00,15:59:00,34.5,6,2024-08-27,2024-08-28
82558a08-305e-4565-9259-58342543f0e2,2024-08-29,d613750f-7244-4422-a084-da603cde7145,500,294,COMPLETED,08:00:00,08:57:00,17:00:00,14:59:00,43.2,8,2024-08-28,2024-08-29
ecf3f356-a63b-414f-8855-13da92feb063,2024-08-30,d613750f-7244-4422-a084-da603cde7145,500,297,COMPLETED,07:00:00,07:17:00,14:00:00,16:57:00,36.5,10,2024-08-29,2024-08-30
dd27831c-ac81-4c9f-925d-2fb9098b16aa,2024-09-02,d6f804d6-de2a-4abc-a548-3b2120173655,250,194,COMPLETED,08:00:00,07:26:00,18:00:00,13:12:00,31.8,4,2024-09-01,2024-09-02
e499cbd6-8bee-4a9f-9356-94ce2a574fcd,2024-09-03,d613750f-7244-4422-a084-da603cde7145,500,400,COMPLETED,07:00:00,07:53:00,15:00:00,13:52:00,37.6,10,2024-09-02,2024-09-03
0f122fa1-1e14-47f9-8149-51d1f973ccb0,2024-09-04,d6f804d6-de2a-4abc-a548-3b2120173655,250,197,COMPLETED,08:00:00,08:34:00,16:00:00,14:11:00,26.5,5,2024-09-03,2024-09-04
ba4d1ab8-1dd6-489a-ab4f-8b57f080c579,2024-09-09,d613750f-7244-4422-a084-da603cde7145,500,334,COMPLETED,08:00:00,07:21:00,15:00:00,16:37:00,50.0,5,2024-09-08,2024-09-09
5523dee8-d97d-43cb-979e-2da0127ef325,2024-09-11,d6f804d6-de2a-4abc-a548-3b2120173655,250,160,COMPLETED,07:00:00,07:28:00,17:00:00,15:41:00,22.6,5,2024-09-10,2024-09-11
5ee46013-b116-42ec-915a-81ac94bd1d5d,2024-09-16,d6f804d6-de2a-4abc-a548-3b2120173655,250,145,COMPLETED,07:00:00,08:31:00,14:00:00,14:43:00,40.8,9,2024-09-15,2024-09-16
69a75786-a4d9-4ebf-b492-78362cfdbe42,2024-09-17,d6f804d6-de2a-4abc-a548-3b2120173655,250,212,CANCELLED,08:00:00,,15:00:00,,59.3,7,2024-09-16,2024-09-16
bd96b02b-54d4-4ddd-8698-4f208c78d2a3,2024-09-18,d6f804d6-de2a-4abc-a548-3b2120173655,250,181,COMPLETED,08:00:00,09:26:00,18:00:00,19:32:00,58.5,10,2024-09-17,2024-09-18
048507b0-5634-4a74-8c50-32698c20faaf,2024-09-21,d613750f-7244-4422-a084-da603cde7145,500,429,COMPLETED,07:00:00,07:01:00,15:00:00,14:28:00,30.5,7,2024-09-20,2024-09-21
715afe40-8e3b-4ed5-b890-bf57977e2b20,2024-09-23,d613750f-7244-4422-a084-da603cde7145,500,288,COMPLETED,08:00:00,07:14:00,17:00:00,13:21:00,55.3,8,2024-09-22,2024-09-23
9cf8dde5-ade5-4963-81ba-c00d2cbc1375,2024-09-27,d613750f-7244-4422-a084-da603cde7145,500,407,COMPLETED,07:00:00,08:58:00,14:00:00,14:46:00,20.5,6,2024-09-26,2024-09-27
69bc44ba-6ae7-40cf-8266-c7527388db98,2024-09-28,d6f804d6-de2a-4abc-a548-3b2120173655,250,138,COMPLETED,07:00:00,06:14:00,18:00:00,15:40:00,42.1,5,2024-09-27,2024-09-28
56183123-9511-43dc-869f-0ff8a3b0d805,2024-09-30,d613750f-7244-4422-a084-da603cde7145,500,321,COMPLETED,07:00:00,06:06:00,16:00:00,15:15:00,27.9,8,2024-09-29,2024-09-30
0092f29a-2146-4ad8-882c-9b3c6d505cd7,2024-10-01,d6f804d6-de2a-4abc-a548-3b2120173655,250,188,COMPLETED,08:00:00,09:24:00,18:00:00,17:39:00,44.2,4,2024-09-30,2024-10-01
c46762c9-47d7-4e56-8742-6e683e695be0,2024-10-02,d6f804d6-de2a-4abc-a548-3b2120173655,250,210,COMPLETED,07:00:00,08:41:00,16:00:00,16:51:00,49.0,6,2024-10-01,2024-10-02
f6ebf535-b019-40ab-a686-40379636ad94,2024-10-03,d613750f-7244-4422-a084-da603cde7145,500,369,COMPLETED,07:00:00,07:54:00,16:00:00,17:19:00,55.5,10,2024-10-02,2024-10-03
08cbe633-23ba-454e-a29d-b32347ebac14,2024-10-04,d613750f-7244-4422-a084-da603cde7145,500,350,COMPLETED,08:00:00,07:25:00,17:00:00,16:14:00,52.5,5,2024-10-03,2024-10-04
b9d9bc8d-ab27-460d-b612-48edfd367802,2024-10-05,d613750f-7244-4422-a084-da603cde7145,500,370,COMPLETED,08:00:00,09:07:00,17:00:00,19:11:00,44.2,6,2024-10-04,2024-10-05
f8825b5e-0d56-4c60-9c41-eed842dee60a,2024-10-07,d613750f-7244-4422-a084-da603cde7145,500,401,COMPLETED,08:00:00,09:36:00,14:00:00,15:59:00,57.3,9,2024-10-06,2024-10-07
966e41f7-678f-4cb1-aa7f-3b219c925046,2024-10-08,d613750f-7244-4422-a084-da603cde7145,500,438,COMPLETED,08:00:00,08:25:00,16:00:00,14:11:00,39.3,7,2024-10-07,2024-10-08
aa03d8c2-ab8f-4c4a-bb96-e6e5c8393197,2024-10-09,d6f804d6-de2a-4abc-a548-3b2120173655,250,222,COMPLETED,08:00:00,08:51:00,15:00:00,16:06:00,40.5,5,2024-10-08,2024-10-09
a1fd56f2-6124-4728-a34a-a137f211b21d,2024-10-10,d6f804d6-de2a-4abc-a548-3b2120173655,250,166,COMPLETED,07:00:00,06:19:00,18:00:00,14:27:00,33.2,10,2024-10-09,2024-10-10
468632e1-bd08-4181-af12-e717c66e36b4,2024-10-11,d613750f-7244-4422-a084-da603cde7145,500,280,CANCELLED,07:00:00,,14:00:00,,59.5,10,2024-10-10,2024-10-10
c0646007-f175-48a5-b999-5512433ba137,2024-10-12,d613750f-7244-4422-a084-da603cde7145,500,318,COMPLETED,08:00:00,09:52:00,16:00:00,18:05:00,30.9,5,2024-10-11,2024-10-12
f49f6e45-7721-4f24-afc0-d73b0dc14796,2024-10-16,d6f804d6-de2a-4abc-a548-3b2120173655,250,150,COMPLETED,08:00:00,09:53:00,17:00:00,19:46:00,51.0,9,2024-10-15,2024-10-16
2c0cc75d-b4ed-4cbd-ac58-7cf6f7dfc0d0,2024-10-17,d613750f-7244-4422-a084-da603cde7145,500,324,COMPLETED,07:00:00,07:41:00,18:00:00,14:59:00,58.2,7,2024-10-16,2024-10-17
69eafeaf-d019-48fb-bc11-48c6f72f0a52,2024-10-19,d613750f-7244-4422-a084-da603cde7145,500,372,COMPLETED,07:00:00,06:48:00,14:00:00,15:44:00,40.6,9,2024-10-18,2024-10-19
b779a108-64aa-439a-b8f6-7576aab02ac2,2024-10-21,d6f804d6-de2a-4abc-a548-3b2120173655,250,213,COMPLETED,08:00:00,09:27:00,18:00:00,18:12:00,20.1,5,2024-10-20,2024-10-21
34cda54e-e184-40ba-b002-f980ba4ff4af,2024-10-22,d613750f-7244-4422-a084-da603cde7145,500,445,COMPLETED,08:00:00,08:53:00,14:00:00,18:09:00,50.1,7,2024-10-21,2024-10-22
dd0a0ab9-78c8-4393-8de6-d1639f3976e3,2024-10-23,d613750f-7244-4422-a084-da603cde7145,500,350,COMPLETED,07:00:00,08:07:00,16:00:00,15:46:00,42.2,8,2024-10-22,2024-10-23
73b28566-6494-4bae-8230-479ab6e5d31b,2024-10-24,d613750f-7244-4422-a084-da603cde7145,500,320,COMPLETED,07:00:00,08:51:00,18:00:00,18:19:00,55.5,9,2024-10-23,2024-10-24
350ab62a-bb8d-4dac-a1d2-c879b2f6cb35,2024-10-25,d6f804d6-de2a-4abc-a548-3b2120173655,250,190,COMPLETED,07:00:00,07:18:00,15:00:00,16:05:00,25.2,6,2024-10-24,2024-10-25
27711d08-96c1-46ef-b0dd-ac7e802f67a5,2024-10-28,d6f804d6-de2a-4abc-a548-3b2120173655,250,160,CANCELLED,07:00:00,,18:00:00,,53.7,10,2024-10-27,2024-10-27
c6560d56-462a-44a6-a443-0242a47287ce,2024-10-30,d613750f-7244-4422-a084-da603cde7145,500,379,COMPLETED,07:00:00,06:47:00,15:00:00,14:28:00,31.0,9,2024-10-29,2024-10-30
660b3394-6b8c-4b2b-9de9-3c7249444d26,2024-11-01,d613750f-7244-4422-a084-da603cde7145,500,257,COMPLETED,07:00:00,07:25:00,14:00:00,13:56:00,58.5,10,2024-10-31,2024-11-01
401ebe0a-4a3a-4234-a233-64ecbbc2881e,2024-11-02,d6f804d6-de2a-4abc-a548-3b2120173655,250,150,COMPLETED,08:00:00,07:25:00,15:00:00,13:41:00,22.1,6,2024-11-01,2024-11-02
e0cbc1ec-bae7-4543-bfe0-49d1c5e17241,2024-11-04,d6f804d6-de2a-4abc-a548-3b2120173655,250,168,COMPLETED,08:00:00,09:49:00,15:00:00,19:22:00,47.5,10,2024-11-03,2024-11-04
a8d8d46e-6318-4c12-be90-a18fa7e19473,2024-11-05,d613750f-7244-4422-a084-da603cde7145,500,314,COMPLETED,08:00:00,08:09:00,18:00:00,15:14:00,34.4,10,2024-11-04,2024-11-05
45f35763-6954-4380-9724-996aa9dd6c61,2024-11-07,d6f804d6-de2a-4abc-a548-3b2120173655,250,164,COMPLETED,07:00:00,08:45:00,17:00:00,16:48:00,47.8,8,2024-11-06,2024-11-07
617a5784-78c2-4487-8827-8132846cee30,2024-11-08,d613750f-7244-4422-a084-da603cde7145,500,266,COMPLETED,08:00:00,07:22:00,18:00:00,14:48:00,21.7,7,2024-11-07,2024-11-08
37c3c500-51b3-4665-b974-4b6b015c32d6,2024-11-09,d6f804d6-de2a-4abc-a548-3b2120173655,250,139,COMPLETED,08:00:00,08:45:00,15:00:00,17:05:00,29.8,4,2024-11-08,2024-11-09
c567feaa-ce6e-4a64-8f20-63af575750b9,2024-11-12,d6f804d6-de2a-4abc-a548-3b2120173655,250,130,COMPLETED,07:00:00,07:10:00,18:00:00,17:17:00,49.3,7,2024-11-11,2024-11-12
859a631f-a9ba-47ee-99bf-daa87b638822,2024-11-14,d613750f-7244-4422-a084-da603cde7145,500,397,COMPLETED,08:00:00,08:26:00,14:00:00,16:24:00,44.4,8,2024-11-13,2024-11-14
d6b2bb45-8d28-4a6b-9059-ce20b5924f8b,2024-11-15,d6f804d6-de2a-4abc-a548-3b2120173655,250,165,COMPLETED,08:00:00,08:32:00,16:00:00,18:58:00,36.5,10,2024-11-14,2024-11-15
b73c28d7-af38-4154-9d77-67f7fe0f461d,2024-11-18,d6f804d6-de2a-4abc-a548-3b2120173655,250,148,COMPLETED,08:00:00,08:51:00,15:00:00,18:13:00,29.1,4,2024-11-17,2024-11-18
5cf689c1-5062-40b2-938d-c011b3dddc4f,2024-11-19,d613750f-7244-4422-a084-da603cde7145,500,424,COMPLETED,07:00:00,06:24:00,14:00:00,13:50:00,57.0,8,2024-11-18,2024-11-19
a356ba0a-0216-4032-b15d-48bf3948149f,2024-11-21,d613750f-7244-4422-a084-da603cde7145,500,376,COMPLETED,08:00:00,07:55:00,15:00:00,16:34:00,38.0,5,2024-11-20,2024-11-21
ff3b760c-c851-4655-976f-e44b879c3e0f,2024-11-22,d613750f-7244-4422-a084-da603cde7145,500,340,COMPLETED,08:00:00,08:34:00,18:00:00,14:29:00,58.2,6,2024-11-21,2024-11-22
6336a304-8875-42c7-9ae8-0743f74d8972,2024-11-26,d6f804d6-de2a-4abc-a548-3b2120173655,250,158,COMPLETED,08:00:00,08:24:00,15:00:00,17:47:00,28.4,10,2024-11-25,2024-11-26
7460800b-2db4-4336-b4e1-675db924f9f0,2024-11-27,d613750f-7244-4422-a084-da603cde7145,500,291,COMPLETED,07:00:00,06:13:00,14:00:00,14:48:00,23.9,5,2024-11-26,2024-11-27
276e3e5e-91a9-40b1-9a19-659511642d66,2024-11-28,d613750f-7244-4422-a084-da603cde7145,500,430,COMPLETED,08:00:00,09:45:00,15:00:00,18:46:00,56.6,4,2024-11-27,2024-11-28
c0b2f3e2-4c15-4b1e-94b8-2b4b2856fcd6,2024-11-29,d613750f-7244-4422-a084-da603cde7145,500,290,COMPLETED,07:00:00,08:31:00,17:00:00,16:38:00,23.2,4,2024-11-28,2024-11-29
34826bde-b4e2-4d73-9cdb-e601afb3940f,2024-11-30,d613750f-7244-4422-a084-da603cde7145,500,373,COMPLETED,07:00:00,06:13:00,17:00:00,12:47:00,32.8,6,2024-11-29,2024-11-30
856693bb-3ab1-452d-8fd2-e8437433f25c,2024-12-02,d6f804d6-de2a-4abc-a548-3b2120173655,250,196,COMPLETED,08:00:00,07:59:00,17:00:00,15:38:00,23.1,9,2024-12-01,2024-12-02
4dcc2cb8-e9b4-44e4-aa47-2c5178398bd5,2024-12-05,d613750f-7244-4422-a084-da603cde7145,500,289,CANCELLED,08:00:00,,16:00:00,,41.8,5,2024-12-04,2024-12-04
f7559cc5-001a-4f40-b1d0-951210a6b520,2024-12-06,d6f804d6-de2a-4abc-a548-3b2120173655,250,181,COMPLETED,07:00:00,08:01:00,15:00:00,15:35:00,53.2,5,2024-12-05,2024-12-06
2480ff10-a9f8-4209-b41f-8fae8572f771,2024-12-12,d6f804d6-de2a-4abc-a548-3b2120173655,250,132,COMPLETED,07:00:00,07:31:00,17:00:00,13:38:00,55.4,6,2024-12-11,2024-12-12
6c059b10-c49b-4ea2-9547-de2905127629,2024-12-14,d6f804d6-de2a-4abc-a548-3b2120173655,250,178,COMPLETED,07:00:00,06:25:00,18:00:00,16:18:00,55.9,9,2024-12-13,2024-12-14
ff3c6192-ac28-4aa0-bbcc-be3fc9008ee3,2024-12-18,d613750f-7244-4422-a084-da603cde7145,500,436,COMPLETED,08:00:00,09:32:00,18:00:00,17:45:00,40.9,9,2024-12-17,2024-12-18
5acf165f-5861-41be-9a82-7b182108b370,2024-12-19,d613750f-7244-4422-a084-da603cde7145,500,258,COMPLETED,07:00:00,08:35:00,18:00:00,18:44:00,56.7,4,2024-12-18,2024-12-19
05239e81-2bbd-412c-b130-9cd7dac0b3f2,2024-12-20,d613750f-7244-4422-a084-da603cde7145,500,279,COMPLETED,08:00:00,08:47:00,17:00:00,18:15:00,21.4,10,2024-12-19,2024-12-20
7461d6c2-6dc9-4599-956e-a5939056e8ec,2024-12-21,d6f804d6-de2a-4abc-a548-3b2120173655,250,151,COMPLETED,07:00:00,07:48:00,16:00:00,15:09:00,29.9,6,2024-12-20,2024-12-21
55f9ef00-46ad-450e-8bd8-0e6ee4316e5f,2024-12-23,d6f804d6-de2a-4abc-a548-3b2120173655,250,184,COMPLETED,08:00:00,09:21:00,18:00:00,17:30:00,40.0,9,2024-12-22,2024-12-23
a7272647-33e5-4e9a-8b4a-066984f2a92e,2024-12-24,d613750f-7244-4422-a084-da603cde7145,500,351,COMPLETED,07:00:00,06:38:00,14:00:00,14:28:00,43.9,4,2024-12-23,2024-12-24
87e97a37-9eff-47ea-9eb0-369d85f3a6bb,2024-12-25,d6f804d6-de2a-4abc-a548-3b2120173655,250,189,COMPLETED,08:00:00,09:45:00,15:00:00,16:19:00,21.1,4,2024-12-24,2024-12-25
72a74166-1372-4e87-9849-6236e08b38c1,2024-12-27,d6f804d6-de2a-4abc-a548-3b2120173655,250,139,COMPLETED,08:00:00,07:06:00,14:00:00,16:48:00,37.0,5,2024-12-26,2024-12-27
67d4b7e6-c38d-4077-aedc-cb9bcf19b6ee,2024-12-28,d6f804d6-de2a-4abc-a548-3b2120173655,250,214,COMPLETED,08:00:00,08:50:00,17:00:00,18:39:00,23.5,7,2024-12-27,2024-12-28
0d6a925d-1ed6-45de-8c4e-4efb4e7983fa,2024-12-30,d6f804d6-de2a-4abc-a548-3b2120173655,250,188,COMPLETED,07:00:00,08:26:00,15:00:00,14:19:00,50.7,5,2024-12-29,2024-12-30
7acb2f77-bef8-48ef-bd3e-d09aa9e691b6,2024-12-31,d613750f-7244-4422-a084-da603cde7145,500,261,COMPLETED,08:00:00,07:03:00,14:00:00,17:46:00,33.8,5,2024-12-30,2024-12-31
95ef11fe-abec-493a-97a3-9491ed0fabef,2025-01-01,d613750f-7244-4422-a084-da603cde7145,500,292,COMPLETED,07:00:00,06:30:00,17:00:00,16:10:00,53.6,10,2024-12-31,2025-01-01
a8a6188a-02c6-4b05-8f5f-e2c7c220a1fc,2025-01-03,d613750f-7244-4422-a084-da603cde7145,500,428,COMPLETED,07:00:00,06:19:00,18:00:00,15:01:00,34.6,10,2025-01-02,2025-01-03
73f35e53-0c09-4dc1-adb2-ac3d9665dfcb,2025-01-04,d613750f-7244-4422-a084-da603cde7145,500,324,COMPLETED,08:00:00,09:41:00,18:00:00,17:42:00,39.0,4,2025-01-03,2025-01-04
f86c6b69-19f7-4661-9573-adc94e9fb1d3,2025-01-08,d613750f-7244-4422-a084-da603cde7145,500,401,COMPLETED,07:00:00,08:53:00,17:00:00,18:34:00,37.6,10,2025-01-07,2025-01-08
827a7bf6-bb65-4fed-b78c-662c45f37801,2025-01-10,d613750f-7244-4422-a084-da603cde7145,500,283,COMPLETED,08:00:00,08:07:00,15:00:00,15:43:00,32.9,5,2025-01-09,2025-01-10
81b3745d-670a-45a5-bceb-f81c4bb786c5,2025-01-15,d613750f-7244-4422-a084-da603cde7145,500,346,COMPLETED,07:00:00,06:15:00,15:00:00,14:34:00,27.9,5,2025-01-14,2025-01-15
a2b8e2a5-89dc-4c47-a080-dc6a8f9e7c1b,2025-01-18,d6f804d6-de2a-4abc-a548-3b2120173655,250,156,COMPLETED,08:00:00,08:57:00,14:00:00,18:54:00,52.7,10,2025-01-17,2025-01-18
13a1c121-9031-45ef-b205-86027e4c4110,2025-01-20,d6f804d6-de2a-4abc-a548-3b2120173655,250,210,COMPLETED,08:00:00,07:19:00,15:00:00,15:53:00,28.8,6,2025-01-19,2025-01-20
6d745028-ebb4-4823-9ab8-f704b28da9d0,2025-01-22,d613750f-7244-4422-a084-da603cde7145,500,393,COMPLETED,07:00:00,07:52:00,16:00:00,15:28:00,31.5,9,2025-01-21,2025-01-22
a648b6b4-1a85-42fc-a5d7-ead28e822f6f,2025-01-23,d6f804d6-de2a-4abc-a548-3b2120173655,250,197,COMPLETED,07:00:00,06:17:00,14:00:00,13:57:00,46.7,4,2025-01-22,2025-01-23
8706d83e-5326-4bf0-bd89-d7e70242a281,2025-01-27,d613750f-7244-4422-a084-da603cde7145,500,350,COMPLETED,08:00:00,07:21:00,14:00:00,16:08:00,26.1,8,2025-01-26,2025-01-27
6e3eda79-aa3b-4c65-8627-6acb59f56342,2025-01-29,d613750f-7244-4422-a084-da603cde7145,500,396,COMPLETED,08:00:00,09:04:00,18:00:00,17:49:00,37.7,5,2025-01-28,2025-01-29
e1e54bbf-ca78-448f-b515-b7fe5039ec55,2025-01-30,d613750f-7244-4422-a084-da603cde7145,500,263,COMPLETED,07:00:00,08:33:00,17:00:00,16:21:00,51.0,7,2025-01-29,2025-01-30
ed87b3f3-7741-4dac-b759-4bc2524e039f,2025-01-31,d613750f-7244-4422-a084-da603cde7145,500,421,COMPLETED,07:00:00,08:34:00,14:00:00,16:12:00,48.3,8,2025-01-30,2025-01-31
68a27930-971e-4c52-a95b-fe8d26e35515,2025-02-05,d613750f-7244-4422-a084-da603cde7145,500,339,COMPLETED,07:00:00,06:49:00,16:00:00,15:20:00,41.8,4,2025-02-04,2025-02-05
20f289f1-5859-4b21-a8a5-aeb78c24a702,2025-02-08,d6f804d6-de2a-4abc-a548-3b2120173655,250,168,COMPLETED,07:00:00,06:46:00,16:00:00,12:46:00,43.6,7,2025-02-07,2025-02-08
ec987afc-574a-42b8-871b-73749ac09e74,2025-02-10,d613750f-7244-4422-a084-da603cde7145,500,304,COMPLETED,08:00:00,07:51:00,17:00:00,13:06:00,21.2,9,2025-02-09,2025-02-10
0f957a5d-5f1a-452a-affd-dae0b2c1f126,2025-02-15,d613750f-7244-4422-a084-da603cde7145,500,311,COMPLETED,08:00:00,07:11:00,14:00:00,15:23:00,46.0,5,2025-02-14,2025-02-15
b7a52f0a-afa9-4fad-b5b0-36a5ec2f9e56,2025-02-17,d6f804d6-de2a-4abc-a548-3b2120173655,250,211,COMPLETED,07:00:00,07:20:00,15:00:00,17:24:00,51.8,4,2025-02-16,2025-02-17
77c0c620-82a6-46d9-84fc-e33a42425292,2025-02-19,d613750f-7244-4422-a084-da603cde7145,500,429,COMPLETED,07:00:00,06:08:00,16:00:00,16:12:00,53.6,7,2025-02-18,2025-02-19
02c1c5d2-4057-4602-9d88-5a38a707ac05,2025-02-20,d613750f-7244-4422-a084-da603cde7145,500,356,COMPLETED,07:00:00,06:09:00,18:00:00,15:47:00,20.5,6,2025-02-19,2025-02-20
3fa9c105-2ac8-4c02-b57f-f7635c453110,2025-02-22,d6f804d6-de2a-4abc-a548-3b2120173655,250,223,COMPLETED,08:00:00,07:58:00,15:00:00,15:05:00,42.4,9,2025-02-21,2025-02-22
